date	location	median_prev	prev_upper_80	prev_lower_80
2022-05-07	Western Europe	55.179825	61.26991	50.939503
2022-05-08	Western Europe	73.444496	81.259476	68.5056
2022-05-09	Western Europe	92.13373	101.68953	86.50774
2022-05-10	Western Europe	111.046555	122.413994	104.9225
2022-05-11	Western Europe	130.18735	142.77072	123.27914
2022-05-12	Western Europe	149.63777	163.6233	141.77852
2022-05-13	Western Europe	168.89429	184.06471	160.0763
2022-05-14	Western Europe	187.47455	203.80267	177.87482
2022-05-15	Western Europe	205.27039	222.58348	194.82266
2022-05-16	Western Europe	221.82983	240.01945	210.56628
2022-05-17	Western Europe	236.83896	255.80612	224.77696
2022-05-18	Western Europe	250.02773	269.71844	237.23286
2022-05-19	Western Europe	261.24747	281.36816	247.77756
2022-05-20	Western Europe	270.4339	290.99792	256.37823
2022-05-21	Western Europe	277.6821	298.37427	263.08398
2022-05-22	Western Europe	283.13925	304.02194	268.0907
2022-05-23	Western Europe	287.05392	308.2749	271.62955
2022-05-24	Western Europe	289.7636	311.08	273.97363
2022-05-25	Western Europe	291.517	312.69568	275.7277
2022-05-26	Western Europe	292.7481	313.8228	276.37967
2022-05-27	Western Europe	293.77698	314.82434	277.03503
2022-05-28	Western Europe	294.88013	315.3559	277.91016
2022-05-29	Western Europe	296.3578	316.55124	279.2443
2022-05-30	Western Europe	299.1991	319.1305	281.7255
2022-05-31	Western Europe	304.11584	323.75085	286.174
2022-06-01	Western Europe	311.51166	331.00418	293.2002
2022-06-02	Western Europe	322.31702	341.36935	303.78387
2022-06-03	Western Europe	337.58557	356.0143	318.58826
2022-06-04	Western Europe	357.6807	376.042	338.3602
2022-06-05	Western Europe	383.253	402.56815	364.05054
2022-06-06	Western Europe	414.58566	434.14328	395.32492
2022-06-07	Western Europe	452.9757	473.75406	432.5141
2022-06-08	Western Europe	497.11346	520.39075	475.10095
2022-06-09	Western Europe	547.1248	573.84784	523.7446
2022-06-10	Western Europe	603.14856	632.6957	576.65436
2022-06-11	Western Europe	663.1373	695.6535	635.6576
2022-06-12	Western Europe	726.0747	761.759	696.17035
2022-06-13	Western Europe	790.3219	829.0384	759.4618
2022-06-14	Western Europe	854.48627	897.9011	820.8395
2022-06-15	Western Europe	918.0814	964.9707	882.3104
2022-06-16	Western Europe	979.85425	1029.2075	941.9464
2022-06-17	Western Europe	1037.5808	1089.3424	997.9501
2022-06-18	Western Europe	1090.8849	1144.194	1049.2228
2022-06-19	Western Europe	1137.616	1193.5001	1094.8649
2022-06-20	Western Europe	1178.5813	1236.3959	1134.2081
2022-06-21	Western Europe	1212.0586	1271.2283	1166.8486
2022-06-22	Western Europe	1238.6304	1298.1578	1192.6267
2022-06-23	Western Europe	1258.5295	1317.7316	1211.6488
2022-06-24	Western Europe	1272.2622	1330.1753	1224.397
2022-06-25	Western Europe	1279.1597	1336.0962	1231.0696
2022-06-26	Western Europe	1281.148	1336.4711	1233.0161
2022-06-27	Western Europe	1278.4631	1333.2393	1231.15
2022-06-28	Western Europe	1272.1881	1327.413	1226.9772
2022-06-29	Western Europe	1265.4961	1318.4144	1221.2952
2022-06-30	Western Europe	1257.5879	1308.2604	1214.5475
2022-07-01	Western Europe	1250.8433	1299.6876	1206.6473
2022-07-02	Western Europe	1245.7004	1294.1589	1200.5585
2022-07-03	Western Europe	1243.812	1291.2382	1197.9153
2022-07-04	Western Europe	1246.2024	1292.9095	1199.6453
2022-07-05	Western Europe	1252.4285	1301.2338	1206.5378
2022-07-06	Western Europe	1264.0273	1315.5074	1219.2272
2022-07-07	Western Europe	1281.9053	1336.3734	1237.5824
2022-07-08	Western Europe	1307.0583	1362.7925	1261.3198
2022-07-09	Western Europe	1337.8914	1395.544	1291.7305
2022-07-10	Western Europe	1374.9683	1434.3274	1327.3162
2022-07-11	Western Europe	1416.7838	1479.4412	1366.4982
2022-07-12	Western Europe	1462.0557	1528.49	1408.8009
2022-07-13	Western Europe	1509.9586	1580.7765	1453.7483
2022-07-14	Western Europe	1560.427	1634.6931	1502.4034
2022-07-15	Western Europe	1610.5646	1688.8469	1550.2937
2022-07-16	Western Europe	1659.5977	1741.7887	1596.2078
2022-07-17	Western Europe	1706.8438	1792.1324	1639.3046
2022-07-18	Western Europe	1750.2742	1838.352	1678.9182
2022-07-19	Western Europe	1789.1487	1880.0255	1715.5887
2022-07-20	Western Europe	1822.3406	1916.0436	1747.409
2022-07-21	Western Europe	1848.4475	1944.0018	1773.246
2022-07-22	Western Europe	1867.4126	1961.6595	1790.6127
2022-07-23	Western Europe	1876.7352	1972.9103	1800.779
2022-07-24	Western Europe	1879.2236	1976.7683	1803.7964
2022-07-25	Western Europe	1874.5708	1971.2933	1799.084
2022-07-26	Western Europe	1862.8135	1957.2358	1787.0945
2022-07-27	Western Europe	1844.7704	1938.9092	1768.7496
2022-07-28	Western Europe	1819.2168	1912.4724	1744.6399
2022-07-29	Western Europe	1787.5747	1879.2463	1714.9607
2022-07-30	Western Europe	1751.4504	1842.014	1681.1455
2022-07-31	Western Europe	1712.8578	1801.9553	1642.9558
2022-08-01	Western Europe	1671.3525	1759.2502	1602.1989
2022-08-02	Western Europe	1628.2249	1713.5981	1559.9961
2022-08-03	Western Europe	1584.6786	1666.9015	1517.3022
2022-08-04	Western Europe	1541.7004	1622.342	1474.9551
2022-08-05	Western Europe	1500.1401	1580.6292	1433.7032
2022-08-06	Western Europe	1459.835	1539.4406	1394.1782
2022-08-07	Western Europe	1421.7056	1499.2139	1356.7393
2022-08-08	Western Europe	1385.6819	1461.7448	1321.2122
2022-08-09	Western Europe	1352.9497	1427.154	1288.724
2022-08-10	Western Europe	1323.0752	1395.6456	1259.4585
2022-08-11	Western Europe	1296.6571	1367.2253	1232.6593
2022-08-12	Western Europe	1271.9209	1341.7689	1208.9274
2022-08-13	Western Europe	1250.8833	1318.9983	1188.2311
2022-08-14	Western Europe	1230.7178	1298.5466	1169.564
2022-08-15	Western Europe	1213.0612	1279.9822	1153.8894
2022-08-16	Western Europe	1197.4635	1262.829	1138.0524
2022-08-17	Western Europe	1182.5739	1246.1066	1121.7618
2022-08-18	Western Europe	1167.5842	1230.9158	1107.6434
2022-08-19	Western Europe	1152.4794	1215.2637	1093.4894
2022-08-20	Western Europe	1136.7184	1200.3203	1078.8326
2022-08-21	Western Europe	1121.1322	1185.3993	1062.9072
2022-08-22	Western Europe	1104.6696	1168.3104	1045.9421
2022-08-23	Western Europe	1086.6912	1148.0465	1027.7072
2022-08-24	Western Europe	1066.9529	1126.1329	1008.0387
2022-08-25	Western Europe	1046.128	1102.5226	986.8788
2022-08-26	Western Europe	1023.0016	1077.185	964.7975
2022-08-27	Western Europe	997.9452	1051.5933	940.2903
2022-08-28	Western Europe	972.3761	1024.5359	914.3554
2022-08-29	Western Europe	944.8384	995.09534	887.16364
2022-08-30	Western Europe	915.5537	964.29205	859.0889
2022-08-31	Western Europe	884.95294	932.30634	830.2792
2022-09-01	Western Europe	853.64575	899.56573	800.82715
2022-09-02	Western Europe	822.0957	866.5922	770.97736
2022-09-03	Western Europe	791.0357	834.0139	740.9842
2022-09-04	Western Europe	759.5938	801.4375	711.09827
2022-09-05	Western Europe	728.6206	768.8895	681.5576
2022-09-06	Western Europe	698.31604	736.526	652.582
2022-09-07	Western Europe	668.6505	705.8367	624.3677
2022-09-08	Western Europe	639.8542	676.39404	597.0837
2022-09-09	Western Europe	612.08936	648.23584	570.8806
2022-09-10	Western Europe	585.96826	621.16187	545.9681
2022-09-11	Western Europe	560.6616	595.2453	522.76715
2022-09-12	Western Europe	536.74963	570.71533	500.79578
2022-09-13	Western Europe	514.21576	547.39966	480.07376
2022-09-14	Western Europe	493.21875	525.4368	460.23358
2022-09-15	Western Europe	473.45706	504.88327	441.93063
2022-09-16	Western Europe	454.9202	485.7775	424.8334
2022-09-17	Western Europe	437.76373	467.92023	408.6618
2022-09-18	Western Europe	421.85022	450.99994	393.47217
2022-09-19	Western Europe	406.89398	435.112	379.29016
2022-09-20	Western Europe	392.72247	420.3705	366.0376
2022-09-21	Western Europe	379.71912	406.04276	353.5797
2022-09-22	Western Europe	367.35748	392.12717	341.81372
2022-09-23	Western Europe	355.5021	379.58606	330.56042
2022-09-24	Western Europe	344.17505	367.95288	319.81323
2022-09-25	Western Europe	333.1831	356.4042	309.49918
2022-09-26	Western Europe	322.6801	344.79565	299.70847
2022-09-27	Western Europe	312.4796	333.44592	290.22205
2022-09-28	Western Europe	302.58524	322.34863	280.84058
2022-09-29	Western Europe	292.64688	311.48398	271.6777
2022-09-30	Western Europe	282.79385	300.81717	262.67792
2022-10-01	Western Europe	273.2063	290.38	253.95525
2022-10-02	Western Europe	263.62344	280.56952	245.37982
2022-10-03	Western Europe	254.45184	270.61356	236.91954
2022-10-04	Western Europe	245.40279	260.88593	228.57484
2022-10-05	Western Europe	236.56288	251.68262	220.18155
2022-10-06	Western Europe	227.82373	242.59805	211.79245
2022-10-07	Western Europe	219.10625	233.66591	203.57541
2022-10-08	Western Europe	210.68283	224.9104	195.54787
2022-10-09	Western Europe	202.4654	216.2753	187.79175
2022-10-10	Western Europe	194.44781	207.86797	180.4553
2022-10-11	Western Europe	186.65842	199.71878	173.35158
2022-10-12	Western Europe	179.05975	191.84709	166.49126
2022-10-13	Western Europe	171.71191	184.1903	159.89005
2022-10-14	Western Europe	164.77643	176.57672	153.50656
2022-10-15	Western Europe	158.12286	169.30392	147.17044
2022-10-16	Western Europe	151.75954	162.54796	140.98317
2022-10-17	Western Europe	145.73721	156.3143	135.25702
2022-10-18	Western Europe	140.14256	150.36961	129.97441
2022-10-19	Western Europe	134.87238	144.74382	124.98933
2022-10-20	Western Europe	129.88925	139.46709	120.329414
2022-10-21	Western Europe	125.18892	134.28607	115.94922
2022-10-22	Western Europe	120.77133	129.5507	111.839264
2022-10-23	Western Europe	116.4102	125.10795	107.771324
2022-10-24	Western Europe	112.32089	120.95703	103.85624
2022-10-25	Western Europe	108.68475	117.1991	100.48291
2022-10-26	Western Europe	105.21995	113.68061	97.185196
2022-10-27	Western Europe	101.92685	110.25414	94.205795
2022-10-28	Western Europe	98.74642	106.73015	91.39668
2022-10-29	Western Europe	95.82778	103.64881	88.74074
2022-10-30	Western Europe	93.018906	100.82558	86.22146
2022-10-31	Western Europe	90.291595	98.132454	83.75024
2022-11-01	Western Europe	87.64804	95.435974	81.2473
2022-11-02	Western Europe	85.198044	92.762535	79.017204
2022-11-03	Western Europe	82.91237	90.21611	76.86997
2022-11-04	Western Europe	80.691864	87.89178	74.80541
2022-11-05	Western Europe	78.50233	85.49136	72.815895
2022-11-06	Western Europe	76.34473	83.25075	70.851006
2022-11-07	Western Europe	74.30374	81.13238	68.76357
2022-11-08	Western Europe	72.3701	78.99775	66.73344
2022-11-09	Western Europe	70.424835	76.868774	64.90242
2022-11-10	Western Europe	68.53569	74.8725	63.155476
2022-11-11	Western Europe	66.69327	72.91848	61.402405
2022-11-12	Western Europe	64.82913	71.007065	59.646248
2022-11-13	Western Europe	63.072243	69.12808	58.032776
2022-11-14	Western Europe	61.364933	67.21787	56.307293
2022-11-15	Western Europe	59.68877	65.45919	54.723984
2022-11-16	Western Europe	58.046936	63.75078	53.19901
2022-11-17	Western Europe	56.466515	62.095406	51.668976
2022-11-18	Western Europe	54.86264	60.49574	50.13275
2022-11-19	Western Europe	53.41047	58.949306	48.773956
2022-11-20	Western Europe	52.006737	57.451576	47.374058
2022-11-21	Western Europe	50.632065	55.88102	46.049065
2022-11-22	Western Europe	49.288017	54.299187	44.695442
2022-11-23	Western Europe	48.03839	52.78981	43.550346
2022-11-24	Western Europe	46.88192	51.448494	42.422894
2022-11-25	Western Europe	45.725433	50.24382	41.41201
2022-11-26	Western Europe	44.64486	49.100815	40.461803
2022-11-27	Western Europe	43.60372	48.017796	39.56259
2022-11-28	Western Europe	42.652786	46.99258	38.627052
2022-11-29	Western Europe	41.69744	46.022495	37.769897
2022-11-30	Western Europe	40.815914	45.122	36.994865
2022-12-01	Western Europe	39.97998	44.308826	36.261658
2022-12-02	Western Europe	39.257904	43.53932	35.570396
2022-12-03	Western Europe	38.553925	42.80968	34.92336
2022-12-04	Western Europe	37.87784	42.116005	34.222313
2022-12-05	Western Europe	37.24808	41.454403	33.52745
2022-12-06	Western Europe	36.59745	40.82105	32.862488
2022-12-07	Western Europe	35.953995	40.201504	32.224262
2022-12-08	Western Europe	35.394543	39.602894	31.646072
2022-12-09	Western Europe	34.84308	39.02248	31.038958
2022-12-10	Western Europe	34.28777	38.457355	30.450657
2022-12-11	Western Europe	33.738	37.86859	29.878965
2022-12-12	Western Europe	33.189392	37.244217	29.322166
2022-12-13	Western Europe	32.68799	36.720055	28.83284
2022-12-14	Western Europe	32.194695	36.20386	28.314154
2022-12-15	Western Europe	31.712788	35.69454	27.831137
2022-12-16	Western Europe	31.23546	35.191345	27.320879
2022-12-17	Western Europe	30.763943	34.69387	26.820051
2022-12-18	Western Europe	30.284695	34.202015	26.328398
2022-12-19	Western Europe	29.806837	33.715904	25.845867
2022-12-20	Western Europe	29.335419	33.235924	25.425238
2022-12-21	Western Europe	28.870869	32.762604	24.992306
2022-12-22	Western Europe	28.413727	32.296627	24.549082
2022-12-23	Western Europe	27.950363	31.83872	24.116127
2022-12-24	Western Europe	27.459497	31.389668	23.693882
2022-12-25	Western Europe	26.999298	30.950237	23.282782
2022-12-26	Western Europe	26.589981	30.521135	22.883228
2022-12-27	Western Europe	26.188957	30.102985	22.495575
2022-12-28	Western Europe	25.801966	29.69628	22.12009
2022-12-29	Western Europe	25.428349	29.301367	21.756956
2022-12-30	Western Europe	25.061249	28.918432	21.406233
2022-12-31	Western Europe	24.700603	28.547478	21.06787
2023-01-01	Western Europe	24.338057	28.188303	20.741684
2023-01-02	Western Europe	23.99342	27.840546	20.415705
2023-01-03	Western Europe	23.656923	27.493668	20.101477
2023-01-04	Western Europe	23.323978	27.154257	19.800491
2023-01-05	Western Europe	23.008896	26.823559	19.509485
2023-01-06	Western Europe	22.718689	26.500546	19.22772
2023-01-07	Western Europe	22.41909	26.184103	18.954374
2023-01-08	Western Europe	22.126575	25.87303	18.688576
2023-01-09	Western Europe	21.866066	25.566076	18.441582
2023-01-10	Western Europe	21.610489	25.261969	18.181074
2023-01-11	Western Europe	21.347303	24.957775	17.92167
2023-01-12	Western Europe	21.079144	24.652143	17.67005
2023-01-13	Western Europe	20.789932	24.345716	17.413189
2023-01-14	Western Europe	20.488361	24.037434	17.158474
2023-01-15	Western Europe	20.200352	23.726336	16.89206
2023-01-16	Western Europe	19.916355	23.41374	16.625154
2023-01-17	Western Europe	19.654884	23.110428	16.369715
2023-01-18	Western Europe	19.394085	22.802473	16.117222
2023-01-19	Western Europe	19.129358	22.47923	15.875388
2023-01-20	Western Europe	18.84908	22.138123	15.6374855
2023-01-21	Western Europe	18.56747	21.791729	15.38976
2023-01-22	Western Europe	18.275497	21.440062	15.134627
2023-01-23	Western Europe	17.97939	21.08324	14.87805
2023-01-24	Western Europe	17.67981	20.723104	14.637118
2023-01-25	Western Europe	17.386698	20.374805	14.395281
2023-01-26	Western Europe	17.090023	20.040297	14.15267
2022-06-03	North America	63.70692	69.425735	60.694515
2022-06-04	North America	65.613174	71.31219	62.510117
2022-06-05	North America	68.275955	74.02251	65.016556
2022-06-06	North America	71.72705	77.3374	68.20559
2022-06-07	North America	75.97211	81.770744	72.28393
2022-06-08	North America	81.05687	87.00768	76.96135
2022-06-09	North America	87.09543	93.164085	82.608795
2022-06-10	North America	94.08714	100.36009	89.01114
2022-06-11	North America	102.07558	108.71538	96.428
2022-06-12	North America	111.01861	118.058136	104.98861
2022-06-13	North America	121.11444	128.534	114.65494
2022-06-14	North America	132.28632	140.35852	125.37492
2022-06-15	North America	144.50113	153.27394	137.00827
2022-06-16	North America	157.7686	167.2716	149.68803
2022-06-17	North America	172.13321	182.27435	163.46573
2022-06-18	North America	187.56866	198.32584	178.29831
2022-06-19	North America	204.07855	215.45335	194.15363
2022-06-20	North America	221.63898	233.66577	211.0442
2022-06-21	North America	240.23601	252.98788	229.15399
2022-06-22	North America	259.88885	273.46027	248.4444
2022-06-23	North America	280.6869	295.13644	268.93933
2022-06-24	North America	302.81277	318.06128	290.57602
2022-06-25	North America	326.2275	342.26636	313.4017
2022-06-26	North America	350.8929	367.88077	337.45264
2022-06-27	North America	376.9741	394.98907	363.1314
2022-06-28	North America	404.602	423.6946	390.30276
2022-06-29	North America	433.8401	454.1284	419.0034
2022-06-30	North America	464.8606	486.3055	449.46356
2022-07-01	North America	497.7547	520.2228	481.73578
2022-07-02	North America	532.754	556.4284	515.8722
2022-07-03	North America	570.32446	595.22394	552.1987
2022-07-04	North America	610.5849	637.161	591.09674
2022-07-05	North America	654.2197	682.4484	633.0203
2022-07-06	North America	701.20935	731.5991	678.8895
2022-07-07	North America	752.1818	784.6949	729.1131
2022-07-08	North America	808.33374	841.9711	783.52264
2022-07-09	North America	869.3325	905.5969	842.65924
2022-07-10	North America	936.96326	975.39453	907.9558
2022-07-11	North America	1011.04395	1051.5658	980.11615
2022-07-12	North America	1091.2733	1135.2411	1059.219
2022-07-13	North America	1179.4363	1227.7981	1145.5884
2022-07-14	North America	1274.3972	1328.8135	1239.6152
2022-07-15	North America	1377.4105	1437.7549	1341.149
2022-07-16	North America	1488.5747	1553.5585	1449.555
2022-07-17	North America	1607.5605	1676.7073	1566.3058
2022-07-18	North America	1733.9302	1805.4683	1690.9125
2022-07-19	North America	1868.0447	1940.9639	1822.4751
2022-07-20	North America	2009.0842	2085.7415	1960.4462
2022-07-21	North America	2156.4675	2236.7292	2104.7317
2022-07-22	North America	2308.2852	2392.6785	2254.0103
2022-07-23	North America	2465.335	2552.875	2406.6543
2022-07-24	North America	2626.2244	2717.217	2566.8362
2022-07-25	North America	2791.6133	2885.019	2728.3372
2022-07-26	North America	2958.9177	3055.8726	2890.9846
2022-07-27	North America	3127.373	3227.9268	3058.3218
2022-07-28	North America	3298.8652	3401.813	3226.005
2022-07-29	North America	3469.5386	3576.5522	3395.6672
2022-07-30	North America	3640.5156	3751.6948	3562.4976
2022-07-31	North America	3812.918	3926.8958	3729.2712
2022-08-01	North America	3984.664	4103.0063	3895.1145
2022-08-02	North America	4157.0615	4278.863	4061.596
2022-08-03	North America	4330.3115	4454.0347	4231.938
2022-08-04	North America	4502.206	4626.623	4400.8306
2022-08-05	North America	4676.0693	4800.0005	4570.4346
2022-08-06	North America	4852.2637	4977.6367	4740.979
2022-08-07	North America	5028.382	5158.8047	4911.338
2022-08-08	North America	5203.0093	5341.7905	5081.209
2022-08-09	North America	5379.424	5524.0723	5251.86
2022-08-10	North America	5557.212	5711.7803	5423.6787
2022-08-11	North America	5736.948	5901.282	5596.6304
2022-08-12	North America	5918.26	6091.0806	5770.5186
2022-08-13	North America	6101.5737	6276.912	5947.543
2022-08-14	North America	6286.6924	6465.8623	6126.1626
2022-08-15	North America	6468.8833	6654.7485	6295.807
2022-08-16	North America	6648.758	6843.3164	6468.5923
2022-08-17	North America	6826.385	7029.187	6636.6245
2022-08-18	North America	6998.824	7204.982	6805.132
2022-08-19	North America	7163.912	7373.5425	6965.4087
2022-08-20	North America	7320.949	7537.139	7115.5146
2022-08-21	North America	7469.069	7691.1777	7253.9487
2022-08-22	North America	7607.702	7834.6406	7383.9023
2022-08-23	North America	7734.3975	7965.7256	7503.0503
2022-08-24	North America	7847.3047	8080.805	7609.1836
2022-08-25	North America	7943.159	8182.9697	7701.057
2022-08-26	North America	8023.215	8266.796	7777.3916
2022-08-27	North America	8080.368	8329.291	7838.0884
2022-08-28	North America	8121.2026	8369.269	7881.55
2022-08-29	North America	8147.3926	8400.146	7908.1704
2022-08-30	North America	8153.673	8412.593	7914.4146
2022-08-31	North America	8146.8125	8406.902	7905.975
2022-09-01	North America	8120.2207	8383.609	7880.583
2022-09-02	North America	8077.6846	8343.469	7840.064
2022-09-03	North America	8020.9326	8287.425	7784.804
2022-09-04	North America	7949.748	8215.804	7715.769
2022-09-05	North America	7866.7275	8129.8457	7634.041
2022-09-06	North America	7772.6426	8031.3164	7540.777
2022-09-07	North America	7669.153	7922.7065	7437.182
2022-09-08	North America	7555.128	7804.13	7324.4663
2022-09-09	North America	7432.615	7677.0244	7203.959
2022-09-10	North America	7303.584	7543.5513	7078.596
2022-09-11	North America	7168.628	7404.6426	6947.519
2022-09-12	North America	7028.9688	7259.7734	6811.7065
2022-09-13	North America	6884.1436	7110.9204	6670.052
2022-09-14	North America	6736.0234	6958.587	6524.889
2022-09-15	North America	6584.5527	6803.9795	6377.4854
2022-09-16	North America	6431.28	6648.3047	6228.3823
2022-09-17	North America	6277.779	6489.2334	6077.5654
2022-09-18	North America	6124.029	6329.994	5925.5913
2022-09-19	North America	5970.269	6169.884	5773.0786
2022-09-20	North America	5815.984	6010.579	5620.2656
2022-09-21	North America	5661.383	5850.8384	5467.348
2022-09-22	North America	5505.8325	5690.741	5314.495
2022-09-23	North America	5350.635	5530.1636	5163.077
2022-09-24	North America	5195.707	5368.2	5012.1294
2022-09-25	North America	5040.042	5208.319	4862.006
2022-09-26	North America	4884.2617	5048.838	4711.3623
2022-09-27	North America	4727.767	4888.0015	4563.0615
2022-09-28	North America	4572.247	4728.0913	4416.1016
2022-09-29	North America	4420.4697	4569.3677	4268.713
2022-09-30	North America	4269.1235	4412.1147	4122.132
2022-10-01	North America	4120.3887	4257.9277	3980.0347
2022-10-02	North America	3972.9475	4105.166	3839.922
2022-10-03	North America	3826.9646	3957.6484	3702.231
2022-10-04	North America	3683.6255	3811.299	3566.0234
2022-10-05	North America	3543.7324	3666.9011	3431.0227
2022-10-06	North America	3406.7158	3525.591	3297.3662
2022-10-07	North America	3274.8726	3387.8486	3167.1558
2022-10-08	North America	3146.296	3255.585	3040.8843
2022-10-09	North America	3021.7441	3127.879	2920.7207
2022-10-10	North America	2900.813	3002.379	2804.3228
2022-10-11	North America	2784.7617	2881.4382	2690.4648
2022-10-12	North America	2673.1453	2766.0154	2581.5913
2022-10-13	North America	2566.0728	2655.1921	2479.345
2022-10-14	North America	2463.232	2549.1113	2380.5593
2022-10-15	North America	2364.5312	2447.8218	2284.649
2022-10-16	North America	2270.5393	2350.902	2193.355
2022-10-17	North America	2181.2114	2258.7231	2106.166
2022-10-18	North America	2097.31	2171.6826	2023.7626
2022-10-19	North America	2017.8481	2089.6028	1947.0339
2022-10-20	North America	1942.6567	2012.2086	1873.6023
2022-10-21	North America	1871.6279	1938.6895	1804.2607
2022-10-22	North America	1804.1947	1869.1163	1739.0857
2022-10-23	North America	1740.6449	1803.3682	1677.9779
2022-10-24	North America	1680.5052	1740.1183	1620.3514
2022-10-25	North America	1623.8645	1681.4309	1566.0853
2022-10-26	North America	1570.543	1627.4779	1515.0021
2022-10-27	North America	1520.623	1575.7867	1466.8212
2022-10-28	North America	1473.349	1526.522	1420.4585
2022-10-29	North America	1428.1282	1479.8905	1375.747
2022-10-30	North America	1385.3003	1435.7468	1333.5405
2022-10-31	North America	1344.6447	1394.3842	1293.5276
2022-11-01	North America	1305.602	1354.3566	1256.2633
2022-11-02	North America	1268.8452	1316.0625	1220.9364
2022-11-03	North America	1234.2444	1279.9614	1186.5775
2022-11-04	North America	1201.2234	1245.5244	1154.1594
2022-11-05	North America	1169.7625	1212.6361	1123.4432
2022-11-06	North America	1138.9614	1181.1958	1094.1039
2022-11-07	North America	1110.21	1150.9994	1066.0825
2022-11-08	North America	1082.3469	1122.0785	1039.3542
2022-11-09	North America	1056.123	1094.3704	1013.78125
2022-11-10	North America	1031.0352	1068.4132	989.31146
2022-11-11	North America	1006.65094	1043.2128	965.9009
2022-11-12	North America	982.96814	1019.2649	943.2125
2022-11-13	North America	960.54443	996.374	921.60864
2022-11-14	North America	939.7521	974.5004	901.036
2022-11-15	North America	919.55774	953.8833	880.1509
2022-11-16	North America	900.1264	934.1172	861.49054
2022-11-17	North America	881.9369	914.6691	843.077
2022-11-18	North America	864.72705	897.03467	825.5649
2022-11-19	North America	847.9543	880.28503	809.5476
2022-11-20	North America	832.2264	864.41833	794.33813
2022-11-21	North America	816.9514	849.4088	779.90784
2022-11-22	North America	802.6294	834.89795	766.6146
2022-11-23	North America	788.8923	821.00195	754.2711
2022-11-24	North America	776.29626	808.37244	742.45355
2022-11-25	North America	763.9081	796.39056	730.5067
2022-11-26	North America	752.3351	785.1594	719.2128
2022-11-27	North America	742.2272	774.8091	708.96735
2022-11-28	North America	732.87146	765.60706	699.72876
2022-11-29	North America	723.7997	756.22705	690.9839
2022-11-30	North America	715.26526	747.5276	682.9287
2022-12-01	North America	707.41235	739.7208	675.5593
2022-12-02	North America	699.918	732.31494	668.1437
2022-12-03	North America	693.2701	725.3373	661.3202
2022-12-04	North America	686.7434	718.7342	654.85504
2022-12-05	North America	680.4237	712.45233	648.23364
2022-12-06	North America	674.7358	706.1199	641.8034
2022-12-07	North America	669.256	699.90283	635.6192
2022-12-08	North America	663.93665	693.85187	629.65015
2022-12-09	North America	658.7126	687.9205	623.8088
2022-12-10	North America	653.19965	682.06396	618.39
2022-12-11	North America	647.8837	676.45166	613.18097
2022-12-12	North America	642.69775	671.1681	607.55115
2022-12-13	North America	637.2733	665.8365	601.6814
2022-12-14	North America	631.5997	660.4229	595.75543
2022-12-15	North America	625.76196	654.8965	589.77924
2022-12-16	North America	619.6703	649.4143	583.6947
2022-12-17	North America	613.3083	643.7654	577.87976
2022-12-18	North America	606.9487	637.927	571.2109
2022-12-19	North America	600.8065	631.3197	564.479
2022-12-20	North America	594.5443	624.4933	557.72546
2022-12-21	North America	588.04926	617.7781	551.6098
2022-12-22	North America	581.32983	610.90015	545.04315
2022-12-23	North America	574.35583	603.7299	537.44073
2022-12-24	North America	567.1199	596.2494	529.6272
2022-12-25	North America	559.61316	588.46106	521.59503
2022-12-26	North America	551.47394	580.37573	513.33716
2022-12-27	North America	543.03357	571.93475	504.85226
2022-12-28	North America	534.29846	563.08044	496.33337
2022-12-29	North America	525.45544	553.9115	487.62137
2022-12-30	North America	516.5132	544.4187	478.64615
2022-12-31	North America	507.24738	534.5935	469.4019
2023-01-01	North America	497.4602	524.4279	459.8836
2023-01-02	North America	487.29364	513.9812	450.08676
2023-01-03	North America	476.7083	503.29663	440.00812
2023-01-04	North America	466.0027	492.23694	429.6459
2023-01-05	North America	454.9737	480.80054	418.9998
2023-01-06	North America	443.5255	468.98843	408.07187
2023-01-07	North America	431.81622	456.80478	396.86658
2023-01-08	North America	419.7792	444.2491	385.391
2023-01-09	North America	407.36664	431.3052	373.65546
2023-01-10	North America	394.50385	418.0522	361.6735
2023-01-11	North America	381.4709	404.51413	349.46213
2023-01-12	North America	368.273	390.59293	337.04196
2023-01-13	North America	354.838	376.408	324.4372
2023-01-14	North America	341.19653	361.99225	311.67532
2023-01-15	North America	327.37354	347.3827	298.78897
2023-01-16	North America	313.34158	332.69498	285.84042
2023-01-17	North America	299.23013	317.97882	272.688
2023-01-18	North America	285.01898	303.19418	259.64206
2023-01-19	North America	270.79736	288.3896	246.5984
2023-01-20	North America	256.71405	273.5983	233.58536
2023-01-21	North America	242.73492	258.8415	220.70663
2023-01-22	North America	228.90477	244.2841	208.06255
2023-01-23	North America	215.2709	229.90054	195.51555
2023-01-24	North America	201.81708	215.64818	183.20827
2023-01-25	North America	188.65036	201.66835	171.1852
2023-01-26	North America	175.86264	188.07054	159.49876
2022-06-25	South America	74.11522	78.28679	70.38469
2022-06-26	South America	79.62814	83.959404	74.98133
2022-06-27	South America	85.791534	89.93573	80.347786
2022-06-28	South America	92.10039	96.22066	85.98824
2022-06-29	South America	98.32428	102.70569	91.64541
2022-06-30	South America	104.66876	109.197525	97.39921
2022-07-01	South America	111.090454	115.77536	103.33444
2022-07-02	South America	117.44095	122.26138	109.10249
2022-07-03	South America	123.581474	128.62596	115.03269
2022-07-04	South America	129.50354	134.76404	120.59647
2022-07-05	South America	135.0885	140.64641	125.95865
2022-07-06	South America	140.30867	146.16765	130.94202
2022-07-07	South America	145.19647	151.28406	135.5802
2022-07-08	South America	149.81627	156.05391	139.92358
2022-07-09	South America	154.0617	160.45073	143.9813
2022-07-10	South America	157.91734	164.45232	147.78117
2022-07-11	South America	161.5324	168.12032	151.36653
2022-07-12	South America	164.91661	171.53044	154.79254
2022-07-13	South America	168.16245	174.75833	158.12276
2022-07-14	South America	171.3537	177.89426	161.42607
2022-07-15	South America	174.55017	181.04997	164.77457
2022-07-16	South America	177.81178	184.31615	168.242
2022-07-17	South America	181.31976	187.78468	171.93768
2022-07-18	South America	185.04816	191.68758	176.01248
2022-07-19	South America	189.19427	196.01666	180.43457
2022-07-20	South America	193.9057	200.7134	185.09654
2022-07-21	South America	199.0646	205.98613	190.23557
2022-07-22	South America	204.91003	211.9364	196.01114
2022-07-23	South America	211.41937	218.7461	202.52081
2022-07-24	South America	218.83203	226.45389	209.82716
2022-07-25	South America	227.0409	235.0177	217.9599
2022-07-26	South America	236.31676	244.37639	226.75133
2022-07-27	South America	246.56607	254.66241	236.41203
2022-07-28	South America	257.67743	266.11823	246.88417
2022-07-29	South America	269.58173	278.31927	257.8582
2022-07-30	South America	282.09122	291.68494	269.50043
2022-07-31	South America	295.51035	305.34515	281.72507
2022-08-01	South America	309.2984	319.6558	294.46448
2022-08-02	South America	323.46246	334.3019	307.60696
2022-08-03	South America	337.54633	349.20807	321.3883
2022-08-04	South America	351.68378	364.18112	334.89258
2022-08-05	South America	366.33203	379.04395	348.381
2022-08-06	South America	380.14862	393.61316	361.72876
2022-08-07	South America	393.67328	407.51538	374.8311
2022-08-08	South America	406.63123	421.18024	387.6209
2022-08-09	South America	419.3405	434.21942	399.97025
2022-08-10	South America	431.23358	446.4871	411.8181
2022-08-11	South America	442.6109	458.073	422.74442
2022-08-12	South America	453.05142	469.20575	432.94446
2022-08-13	South America	462.8807	479.57922	442.68695
2022-08-14	South America	472.10925	489.18384	451.97467
2022-08-15	South America	480.79688	498.0658	461.13892
2022-08-16	South America	489.0433	506.73975	469.5764
2022-08-17	South America	497.195	515.41364	477.39136
2022-08-18	South America	504.8745	523.4116	484.78302
2022-08-19	South America	512.52686	531.08966	492.5116
2022-08-20	South America	520.17664	539.559	501.02493
2022-08-21	South America	527.9669	548.00305	509.2851
2022-08-22	South America	536.2025	556.8046	518.22314
2022-08-23	South America	544.921	566.16	527.43665
2022-08-24	South America	554.1439	575.82324	536.72577
2022-08-25	South America	563.9745	586.47296	546.57605
2022-08-26	South America	574.7084	597.9242	557.1895
2022-08-27	South America	586.3158	610.4828	568.61487
2022-08-28	South America	599.0472	624.0312	580.5811
2022-08-29	South America	612.41223	638.16077	593.7258
2022-08-30	South America	626.5548	653.17554	607.6819
2022-08-31	South America	641.3351	668.974	621.9533
2022-09-01	South America	656.5836	685.41974	636.3997
2022-09-02	South America	672.40643	702.12476	651.18005
2022-09-03	South America	688.47546	718.57745	666.1576
2022-09-04	South America	704.5361	735.1243	682.01514
2022-09-05	South America	720.7605	752.28455	697.00665
2022-09-06	South America	736.247	769.12085	712.6104
2022-09-07	South America	751.5732	785.14874	727.59814
2022-09-08	South America	766.2516	800.3798	741.0874
2022-09-09	South America	779.9712	815.17993	753.87573
2022-09-10	South America	792.5366	828.7251	766.18933
2022-09-11	South America	804.03625	841.134	778.0235
2022-09-12	South America	814.13135	852.3191	788.731
2022-09-13	South America	823.50684	862.2423	798.2581
2022-09-14	South America	832.48944	870.8614	806.5819
2022-09-15	South America	839.28296	878.15955	813.4001
2022-09-16	South America	845.2543	884.0328	818.3736
2022-09-17	South America	850.1563	889.21173	822.2952
2022-09-18	South America	853.708	893.4999	825.2955
2022-09-19	South America	855.94604	896.82776	827.8305
2022-09-20	South America	857.5962	899.10974	829.1336
2022-09-21	South America	860.1939	900.5836	830.76764
2022-09-22	South America	860.7446	901.2952	831.6419
2022-09-23	South America	860.8719	901.59607	831.8873
2022-09-24	South America	861.21234	901.68164	832.45276
2022-09-25	South America	861.564	901.8236	832.23126
2022-09-26	South America	862.047	901.23346	832.83624
2022-09-27	South America	862.0403	901.1217	833.14655
2022-09-28	South America	862.39343	901.2019	833.11505
2022-09-29	South America	862.59296	901.5099	833.52496
2022-09-30	South America	862.7811	901.99835	833.7415
2022-10-01	South America	863.45856	902.6669	834.50696
2022-10-02	South America	864.5071	903.4606	835.02234
2022-10-03	South America	865.9154	904.36664	835.9685
2022-10-04	South America	867.2467	905.3288	836.3569
2022-10-05	South America	868.57764	907.2946	837.4529
2022-10-06	South America	869.6802	909.51056	837.8793
2022-10-07	South America	870.6362	910.31726	838.4567
2022-10-08	South America	871.43494	910.8693	838.6318
2022-10-09	South America	871.33435	911.60736	838.2316
2022-10-10	South America	870.8484	911.2202	837.4383
2022-10-11	South America	870.0226	910.90814	836.89594
2022-10-12	South America	868.4281	908.6544	835.0592
2022-10-13	South America	865.9336	905.5717	833.10205
2022-10-14	South America	863.07214	902.98224	830.4012
2022-10-15	South America	859.1776	898.8248	826.921
2022-10-16	South America	854.28143	893.1424	822.6414
2022-10-17	South America	848.7333	886.566	817.55945
2022-10-18	South America	842.3346	879.98865	811.68823
2022-10-19	South America	835.41534	873.01013	804.7151
2022-10-20	South America	827.9528	865.2289	796.1921
2022-10-21	South America	819.7143	856.4391	786.8604
2022-10-22	South America	810.55676	847.1079	776.92236
2022-10-23	South America	800.77454	836.4464	766.4992
2022-10-24	South America	790.4473	825.8861	755.6471
2022-10-25	South America	779.6471	815.0564	744.5293
2022-10-26	South America	768.2268	803.286	734.2516
2022-10-27	South America	756.7677	791.1554	723.13
2022-10-28	South America	745.1893	778.851	712.53894
2022-10-29	South America	733.6956	766.5293	701.8752
2022-10-30	South America	722.21936	754.91156	690.15393
2022-10-31	South America	711.18604	743.3865	678.3947
2022-11-01	South America	700.201	732.0135	666.948
2022-11-02	South America	689.1776	720.93317	656.2314
2022-11-03	South America	678.15	710.0125	645.596
2022-11-04	South America	667.4863	699.2679	634.4038
2022-11-05	South America	657.2844	688.70593	623.4629
2022-11-06	South America	646.9731	678.3242	612.74005
2022-11-07	South America	636.872	668.0526	602.2189
2022-11-08	South America	626.99646	657.64966	591.93005
2022-11-09	South America	617.3867	647.45233	582.3121
2022-11-10	South America	607.94714	638.01886	572.938
2022-11-11	South America	598.6095	628.1416	563.6377
2022-11-12	South America	588.9098	617.6587	554.38794
2022-11-13	South America	579.251	607.1204	545.2347
2022-11-14	South America	569.9004	597.156	535.9223
2022-11-15	South America	559.94385	586.38837	526.0726
2022-11-16	South America	549.49756	576.0418	516.2059
2022-11-17	South America	539.6647	566.212	506.97296
2022-11-18	South America	529.6699	556.2857	497.8444
2022-11-19	South America	519.594	546.2562	488.66946
2022-11-20	South America	509.49887	536.12244	479.4077
2022-11-21	South America	499.49496	525.8879	470.06134
2022-11-22	South America	489.32068	515.5616	460.03455
2022-11-23	South America	479.08417	505.1567	449.8984
2022-11-24	South America	468.83817	494.6904	440.0709
2022-11-25	South America	458.54486	484.18304	430.4185
2022-11-26	South America	448.2492	473.64313	420.814
2022-11-27	South America	437.97983	463.0739	410.939
2022-11-28	South America	427.9549	452.53677	401.10596
2022-11-29	South America	417.80792	442.04535	391.35315
2022-11-30	South America	407.90143	431.63977	381.7032
2022-12-01	South America	397.97977	421.09662	372.17755
2022-12-02	South America	388.36926	411.08844	362.9217
2022-12-03	South America	378.90836	400.98398	353.83084
2022-12-04	South America	369.47757	390.958	344.9076
2022-12-05	South America	360.2284	381.12903	336.16522
2022-12-06	South America	351.27045	371.51056	327.61414
2022-12-07	South America	342.3558	362.11057	319.26196
2022-12-08	South America	333.6338	352.9341	311.1135
2022-12-09	South America	325.38504	343.98343	303.17072
2022-12-10	South America	317.22693	335.2581	295.4332
2022-12-11	South America	309.1455	327.16034	287.89807
2022-12-12	South America	301.35553	319.2774	280.56064
2022-12-13	South America	293.9486	311.58612	273.38226
2022-12-14	South America	286.57153	304.0784	266.2425
2022-12-15	South America	279.11322	296.74503	259.29016
2022-12-16	South America	271.90076	289.56534	252.68839
2022-12-17	South America	264.98816	282.50485	246.01845
2022-12-18	South America	258.38254	275.67688	239.50978
2022-12-19	South America	251.87064	268.98553	233.1526
2022-12-20	South America	245.54398	262.42105	226.93767
2022-12-21	South America	239.22711	255.97462	220.85912
2022-12-22	South America	233.15329	249.61926	214.95572
2022-12-23	South America	227.13147	243.3623	209.23878
2022-12-24	South America	221.16046	237.20273	203.62851
2022-12-25	South America	215.34274	231.13676	198.12056
2022-12-26	South America	209.62125	225.16191	192.71176
2022-12-27	South America	203.99408	219.27682	187.40009
2022-12-28	South America	198.43478	213.48131	182.18439
2022-12-29	South America	192.88821	207.77617	177.06439
2022-12-30	South America	187.44669	202.13777	172.04106
2022-12-31	South America	182.20102	196.36903	167.11972
2023-01-01	South America	177.04532	190.67578	162.30508
2023-01-02	South America	171.99239	185.26851	157.55214
2023-01-03	South America	167.04462	179.91483	152.85233
2023-01-04	South America	162.18079	174.6081	148.26543
2023-01-05	South America	157.39093	169.41489	143.79282
2023-01-06	South America	152.7183	164.34486	139.43567
2023-01-07	South America	148.22435	159.50496	135.20924
2023-01-08	South America	143.81009	154.83717	131.1801
2023-01-09	South America	139.5122	150.32042	127.262184
2023-01-10	South America	135.35197	145.92258	123.45563
2023-01-11	South America	131.337	141.64342	119.74935
2023-01-12	South America	127.43588	137.52094	116.076965
2023-01-13	South America	123.628456	133.54234	112.51819
2023-01-14	South America	119.93521	129.68156	109.07495
2023-01-15	South America	116.32467	125.93614	105.74583
2023-01-16	South America	112.79895	122.276985	102.522316
2023-01-17	South America	109.419205	118.71954	99.40131
2023-01-18	South America	106.178055	115.26724	96.379456
2023-01-19	South America	102.996155	111.91634	93.48794
2023-01-20	South America	99.87373	108.66292	90.710915
2023-01-21	South America	96.84363	105.50301	88.018486
2023-01-22	South America	93.91133	102.42962	85.407036
2023-01-23	South America	91.11116	99.43462	82.87299
2023-01-24	South America	88.36754	96.52132	80.371216
2023-01-25	South America	85.69046	93.6861	77.923676
2023-01-26	South America	83.11632	90.925644	75.54469
2022-05-17	Southern Europe	136.50562	144.67705	130.99446
2022-05-18	Southern Europe	151.0178	159.73875	144.88087
2022-05-19	Southern Europe	167.41354	177.45308	160.91093
2022-05-20	Southern Europe	186.1053	196.9139	178.00542
2022-05-21	Southern Europe	207.09723	218.18095	196.9582
2022-05-22	Southern Europe	229.42201	241.26402	217.69215
2022-05-23	Southern Europe	253.95029	266.05786	240.05424
2022-05-24	Southern Europe	279.2212	292.6582	263.45374
2022-05-25	Southern Europe	305.70758	320.47003	288.01743
2022-05-26	Southern Europe	333.07007	349.19598	313.4924
2022-05-27	Southern Europe	360.93335	378.1953	339.7328
2022-05-28	Southern Europe	389.37442	407.46695	366.4768
2022-05-29	Southern Europe	417.91663	437.0027	393.37753
2022-05-30	Southern Europe	446.28784	466.4034	420.27432
2022-05-31	Southern Europe	474.14667	495.5086	447.0338
2022-06-01	Southern Europe	501.94754	524.6473	473.60165
2022-06-02	Southern Europe	529.421	553.7976	499.982
2022-06-03	Southern Europe	556.03143	582.0421	526.2314
2022-06-04	Southern Europe	583.43475	610.0955	552.45306
2022-06-05	Southern Europe	611.03125	638.1704	578.79407
2022-06-06	Southern Europe	638.9514	666.56934	605.4458
2022-06-07	Southern Europe	666.636	695.52856	632.65155
2022-06-08	Southern Europe	694.62286	725.83734	660.5692
2022-06-09	Southern Europe	724.8761	757.08295	689.5787
2022-06-10	Southern Europe	756.82227	790.025	720.3025
2022-06-11	Southern Europe	791.52344	825.42395	753.31805
2022-06-12	Southern Europe	829.4079	864.0213	789.3003
2022-06-13	Southern Europe	870.49585	906.6058	829.008
2022-06-14	Southern Europe	916.0843	953.9684	873.2568
2022-06-15	Southern Europe	967.923	1007.7844	922.66364
2022-06-16	Southern Europe	1027.5718	1067.5873	978.1246
2022-06-17	Southern Europe	1093.0613	1134.7412	1040.3728
2022-06-18	Southern Europe	1167.9957	1211.8589	1109.9706
2022-06-19	Southern Europe	1250.4419	1296.7505	1187.2875
2022-06-20	Southern Europe	1340.8955	1392.9167	1272.4647
2022-06-21	Southern Europe	1439.304	1494.3849	1365.391
2022-06-22	Southern Europe	1545.6075	1604.861	1465.6917
2022-06-23	Southern Europe	1659.9281	1724.2773	1572.7334
2022-06-24	Southern Europe	1778.8325	1849.9109	1685.6428
2022-06-25	Southern Europe	1902.8544	1979.1091	1803.409
2022-06-26	Southern Europe	2031.7678	2113.9421	1924.9838
2022-06-27	Southern Europe	2162.8545	2250.776	2048.891
2022-06-28	Southern Europe	2294.7192	2388.1904	2173.711
2022-06-29	Southern Europe	2423.8608	2525.018	2298.018
2022-06-30	Southern Europe	2550.0605	2658.4946	2420.445
2022-07-01	Southern Europe	2672.4365	2787.3599	2539.721
2022-07-02	Southern Europe	2789.5767	2910.559	2654.7178
2022-07-03	Southern Europe	2903.6826	3026.6611	2763.8335
2022-07-04	Southern Europe	3009.5671	3137.3704	2867.011
2022-07-05	Southern Europe	3109.017	3242.8916	2964.3198
2022-07-06	Southern Europe	3198.9211	3338.0037	3054.9238
2022-07-07	Southern Europe	3281.2822	3424.2942	3138.8127
2022-07-08	Southern Europe	3357.4307	3502.3499	3215.0696
2022-07-09	Southern Europe	3427.2773	3576.386	3283.174
2022-07-10	Southern Europe	3491.3018	3645.1328	3345.7966
2022-07-11	Southern Europe	3550.7773	3707.5132	3404.3105
2022-07-12	Southern Europe	3606.0864	3763.5396	3459.275
2022-07-13	Southern Europe	3659.0334	3817.4407	3510.2527
2022-07-14	Southern Europe	3709.6416	3870.4224	3560.9448
2022-07-15	Southern Europe	3760.3408	3922.4717	3611.19
2022-07-16	Southern Europe	3812.0176	3977.726	3661.9011
2022-07-17	Southern Europe	3863.7417	4034.5413	3713.8394
2022-07-18	Southern Europe	3919.5374	4095.4119	3767.6853
2022-07-19	Southern Europe	3977.2852	4154.036	3825.178
2022-07-20	Southern Europe	4035.934	4214.294	3885.0781
2022-07-21	Southern Europe	4095.5977	4277.2188	3946.9663
2022-07-22	Southern Europe	4157.117	4341.5723	4005.4946
2022-07-23	Southern Europe	4220.4956	4408.092	4065.051
2022-07-24	Southern Europe	4284.488	4476.127	4123.97
2022-07-25	Southern Europe	4348.2227	4543.563	4184.0625
2022-07-26	Southern Europe	4406.8975	4608.0703	4241.6494
2022-07-27	Southern Europe	4462.3047	4667.964	4294.068
2022-07-28	Southern Europe	4513.54	4721.359	4340.847
2022-07-29	Southern Europe	4556.5464	4765.075	4379.161
2022-07-30	Southern Europe	4590.3315	4800.669	4406.8804
2022-07-31	Southern Europe	4612.98	4822.3833	4431.1514
2022-08-01	Southern Europe	4626.9893	4833.604	4444.0596
2022-08-02	Southern Europe	4629.56	4833.928	4443.1196
2022-08-03	Southern Europe	4619.758	4822.6367	4430.796
2022-08-04	Southern Europe	4597.1636	4800.516	4409.736
2022-08-05	Southern Europe	4563.325	4765.645	4376.9517
2022-08-06	Southern Europe	4516.9277	4718.127	4327.6553
2022-08-07	Southern Europe	4459.802	4659.373	4275.1035
2022-08-08	Southern Europe	4388.2563	4589.503	4210.2334
2022-08-09	Southern Europe	4310.3447	4509.4873	4136.445
2022-08-10	Southern Europe	4226.1553	4418.238	4056.8818
2022-08-11	Southern Europe	4132.3633	4321.0493	3970.4333
2022-08-12	Southern Europe	4032.186	4217.012	3874.2266
2022-08-13	Southern Europe	3927.6968	4106.1045	3775.4746
2022-08-14	Southern Europe	3819.5364	3992.141	3669.6006
2022-08-15	Southern Europe	3708.7505	3877.9546	3561.372
2022-08-16	Southern Europe	3596.9526	3762.1646	3452.2095
2022-08-17	Southern Europe	3485.1218	3645.6765	3343.0916
2022-08-18	Southern Europe	3374.312	3528.4417	3234.4375
2022-08-19	Southern Europe	3262.696	3412.4995	3127.0422
2022-08-20	Southern Europe	3153.934	3300.337	3020.8027
2022-08-21	Southern Europe	3047.2295	3191.1104	2921.1467
2022-08-22	Southern Europe	2943.5347	3083.0684	2824.195
2022-08-23	Southern Europe	2843.4595	2977.8835	2728.7168
2022-08-24	Southern Europe	2744.9614	2875.7356	2634.1895
2022-08-25	Southern Europe	2650.4314	2776.6538	2542.5867
2022-08-26	Southern Europe	2559.2146	2681.1548	2454.29
2022-08-27	Southern Europe	2469.585	2589.3328	2369.6685
2022-08-28	Southern Europe	2383.2095	2500.3074	2286.6306
2022-08-29	Southern Europe	2300.1433	2413.834	2204.2449
2022-08-30	Southern Europe	2219.644	2329.592	2127.3103
2022-08-31	Southern Europe	2139.7378	2246.0686	2051.9346
2022-09-01	Southern Europe	2061.4238	2163.9084	1977.1251
2022-09-02	Southern Europe	1986.3058	2085.4866	1903.9897
2022-09-03	Southern Europe	1913.3499	2007.414	1832.3683
2022-09-04	Southern Europe	1841.0476	1929.8064	1761.9666
2022-09-05	Southern Europe	1769.2034	1853.6753	1692.9434
2022-09-06	Southern Europe	1698.3284	1778.9507	1625.2576
2022-09-07	Southern Europe	1629.3706	1705.6049	1558.903
2022-09-08	Southern Europe	1561.8053	1635.1815	1494.0164
2022-09-09	Southern Europe	1495.9625	1566.2239	1430.5789
2022-09-10	Southern Europe	1430.4473	1498.7682	1368.5889
2022-09-11	Southern Europe	1366.3298	1431.7692	1308.1256
2022-09-12	Southern Europe	1304.7828	1366.8608	1249.2173
2022-09-13	Southern Europe	1244.9424	1304.9832	1192.0583
2022-09-14	Southern Europe	1187.3513	1244.3594	1136.6305
2022-09-15	Southern Europe	1131.3884	1186.0515	1083.2246
2022-09-16	Southern Europe	1077.5769	1129.2305	1032.3396
2022-09-17	Southern Europe	1026.2637	1074.411	983.4308
2022-09-18	Southern Europe	976.67847	1021.8457	936.08276
2022-09-19	Southern Europe	929.661	971.7102	890.2118
2022-09-20	Southern Europe	885.02856	924.3343	846.62604
2022-09-21	Southern Europe	842.535	879.75275	805.27856
2022-09-22	Southern Europe	802.39655	837.6209	766.223
2022-09-23	Southern Europe	764.4406	798.01434	729.78955
2022-09-24	Southern Europe	728.894	760.8196	695.1422
2022-09-25	Southern Europe	695.53955	725.95715	662.8318
2022-09-26	Southern Europe	664.4268	693.3611	632.89667
2022-09-27	Southern Europe	635.14746	662.95337	604.9484
2022-09-28	Southern Europe	608.0078	634.5919	578.9077
2022-09-29	Southern Europe	582.6456	608.44226	554.68665
2022-09-30	Southern Europe	559.0957	583.4881	532.1902
2022-10-01	Southern Europe	537.3115	561.0884	511.31876
2022-10-02	Southern Europe	517.0446	540.14514	491.97083
2022-10-03	Southern Europe	498.40942	520.7494	473.75824
2022-10-04	Southern Europe	480.96313	502.9686	456.74423
2022-10-05	Southern Europe	464.72025	486.50818	441.49045
2022-10-06	Southern Europe	449.5562	470.74597	426.95374
2022-10-07	Southern Europe	435.57428	456.6422	413.4887
2022-10-08	Southern Europe	422.63007	443.5312	401.13022
2022-10-09	Southern Europe	410.57843	431.32364	389.73163
2022-10-10	Southern Europe	399.34695	419.93677	379.08182
2022-10-11	Southern Europe	388.78473	409.30072	368.82895
2022-10-12	Southern Europe	378.91736	399.37836	359.13986
2022-10-13	Southern Europe	369.8509	389.9972	350.04828
2022-10-14	Southern Europe	361.3502	381.02197	341.5021
2022-10-15	Southern Europe	353.17188	372.5933	333.47278
2022-10-16	Southern Europe	345.32538	364.61398	325.99225
2022-10-17	Southern Europe	337.86072	356.99423	319.06174
2022-10-18	Southern Europe	330.92517	349.78152	312.30005
2022-10-19	Southern Europe	324.41248	342.95734	305.8994
2022-10-20	Southern Europe	318.434	336.5083	299.8127
2022-10-21	Southern Europe	312.67914	330.4421	294.24893
2022-10-22	Southern Europe	307.27722	325.10034	288.6654
2022-10-23	Southern Europe	301.91437	320.0625	283.66046
2022-10-24	Southern Europe	297.2156	315.16183	279.1327
2022-10-25	Southern Europe	292.83636	310.53128	274.93018
2022-10-26	Southern Europe	288.56815	306.30115	270.7871
2022-10-27	Southern Europe	284.93665	302.70007	267.1126
2022-10-28	Southern Europe	281.6754	299.3083	263.81876
2022-10-29	Southern Europe	278.77795	296.31955	260.85962
2022-10-30	Southern Europe	276.19064	293.7263	258.2581
2022-10-31	Southern Europe	273.89032	291.64072	256.00583
2022-11-01	Southern Europe	271.97662	290.01242	254.10464
2022-11-02	Southern Europe	270.50336	288.76935	252.5553
2022-11-03	Southern Europe	269.354	287.69305	251.25462
2022-11-04	Southern Europe	268.40558	287.2534	250.23251
2022-11-05	Southern Europe	268.0749	287.2145	249.55605
2022-11-06	Southern Europe	268.20538	287.5838	249.21924
2022-11-07	Southern Europe	268.6051	288.25555	249.21423
2022-11-08	Southern Europe	269.50098	289.25165	249.53134
2022-11-09	Southern Europe	270.67047	290.603	250.1593
2022-11-10	Southern Europe	272.12515	292.2896	251.1554
2022-11-11	Southern Europe	273.7603	294.49146	252.46506
2022-11-12	Southern Europe	275.599	296.8407	254.20627
2022-11-13	Southern Europe	277.80353	299.4651	256.06335
2022-11-14	Southern Europe	280.41418	302.34448	258.05548
2022-11-15	Southern Europe	283.26477	305.66696	260.36783
2022-11-16	Southern Europe	286.3355	309.25275	262.93488
2022-11-17	Southern Europe	289.56946	312.9878	265.5804
2022-11-18	Southern Europe	292.8861	316.7765	268.2978
2022-11-19	Southern Europe	296.34915	320.9069	271.25385
2022-11-20	Southern Europe	300.02234	325.0501	274.3353
2022-11-21	Southern Europe	303.90594	329.31714	277.53555
2022-11-22	Southern Europe	307.89148	333.68085	280.70932
2022-11-23	Southern Europe	311.96063	338.11023	283.95074
2022-11-24	Southern Europe	315.98434	342.60947	287.2495
2022-11-25	Southern Europe	320.0617	347.16318	290.59225
2022-11-26	Southern Europe	324.17987	351.75705	293.96658
2022-11-27	Southern Europe	328.32703	356.37787	297.36102
2022-11-28	Southern Europe	332.37775	361.02164	300.76483
2022-11-29	Southern Europe	336.4308	365.64853	304.16757
2022-11-30	Southern Europe	340.472	370.37012	307.55917
2022-12-01	Southern Europe	344.70038	375.01913	310.93872
2022-12-02	Southern Europe	348.90698	379.5971	314.29343
2022-12-03	Southern Europe	353.07184	384.29034	317.60455
2022-12-04	Southern Europe	357.17993	389.0725	320.859
2022-12-05	Southern Europe	361.2144	393.1324	324.04218
2022-12-06	Southern Europe	365.13968	397.32898	327.13733
2022-12-07	Southern Europe	368.93005	401.51843	330.1254
2022-12-08	Southern Europe	372.57593	405.56012	333.07492
2022-12-09	Southern Europe	375.9939	409.42255	335.90164
2022-12-10	Southern Europe	379.24826	413.07047	338.34192
2022-12-11	Southern Europe	382.05774	416.46457	340.51526
2022-12-12	Southern Europe	384.70953	419.7386	342.52066
2022-12-13	Southern Europe	387.0405	422.7563	344.28323
2022-12-14	Southern Europe	389.00662	425.377	345.735
2022-12-15	Southern Europe	390.56226	427.54865	346.88614
2022-12-16	Southern Europe	391.66052	429.21783	347.91623
2022-12-17	Southern Europe	392.25436	430.33078	348.3939
2022-12-18	Southern Europe	392.29755	430.7458	348.02927
2022-12-19	Southern Europe	391.74518	430.42154	347.08023
2022-12-20	Southern Europe	390.5171	429.32242	345.67462
2022-12-21	Southern Europe	388.46964	427.4602	343.70255
2022-12-22	Southern Europe	385.7109	424.80508	341.27032
2022-12-23	Southern Europe	382.35107	421.32526	338.17087
2022-12-24	Southern Europe	378.42908	416.9961	333.927
2022-12-25	Southern Europe	373.7297	411.80087	329.01953
2022-12-26	Southern Europe	368.24512	405.73157	323.65204
2022-12-27	Southern Europe	361.9607	398.7892	317.89078
2022-12-28	Southern Europe	354.6865	390.98453	310.9952
2022-12-29	Southern Europe	346.65643	382.49	303.8094
2022-12-30	Southern Europe	338.1041	373.29333	295.78406
2022-12-31	Southern Europe	328.89496	363.09198	287.28232
2023-01-01	Southern Europe	318.99707	352.16193	278.40497
2023-01-02	Southern Europe	308.35486	340.53906	269.10715
2023-01-03	Southern Europe	297.17957	328.30154	259.39664
2023-01-04	Southern Europe	285.60724	315.5248	249.38722
2023-01-05	Southern Europe	273.75897	302.30045	238.7706
2023-01-06	Southern Europe	261.50977	288.82663	227.97086
2023-01-07	Southern Europe	248.96028	275.04602	216.82788
2023-01-08	Southern Europe	236.2114	261.04193	205.32982
2023-01-09	Southern Europe	223.34033	246.89879	193.91936
2023-01-10	Southern Europe	210.42404	232.59369	182.66687
2023-01-11	Southern Europe	197.53857	218.3198	171.4613
2023-01-12	Southern Europe	184.75778	204.16441	160.35526
2023-01-13	Southern Europe	172.13089	190.20596	149.40916
2023-01-14	Southern Europe	159.67986	176.51877	138.6799
2023-01-15	Southern Europe	147.52313	163.15797	128.22052
2023-01-16	Southern Europe	135.7431	150.19983	118.07935
2023-01-17	Southern Europe	124.4339	137.70401	108.29979
2023-01-18	Southern Europe	113.50993	125.719864	98.91972
2023-01-19	Southern Europe	103.19095	114.3378	89.97133
2023-01-20	Southern Europe	93.4168	103.54701	81.480865
2023-01-21	Southern Europe	84.19481	93.35956	73.46863
2023-01-22	Southern Europe	75.512794	83.77959	65.94885
2023-01-23	Southern Europe	67.42313	74.80976	58.930016
2023-01-24	Southern Europe	59.95378	66.48681	52.41491
2023-01-25	Southern Europe	53.059406	58.808407	46.40103
2023-01-26	Southern Europe	46.677505	51.766113	40.88096
2022-05-24	Central Europe	27.23438	27.23438	27.23438
2022-05-25	Central Europe	26.23087	26.230871	26.23087
2022-05-26	Central Europe	25.195423	25.195425	25.195423
2022-05-27	Central Europe	24.117815	24.117815	24.117815
2022-05-28	Central Europe	22.990479	22.990479	22.990479
2022-05-29	Central Europe	21.81166	21.811663	21.81166
2022-05-30	Central Europe	20.589417	20.589417	20.589415
2022-05-31	Central Europe	19.344099	19.344099	19.344097
2022-06-01	Central Europe	18.107344	18.107346	18.107342
2022-06-02	Central Europe	16.91742	16.91742	16.91742
2022-06-03	Central Europe	15.812545	15.812545	15.812543
2022-06-04	Central Europe	14.824593	14.8245945	14.82459
2022-06-05	Central Europe	13.974906	13.974907	13.974901
2022-06-06	Central Europe	13.272885	13.272886	13.272884
2022-06-07	Central Europe	12.717051	12.717053	12.717049
2022-06-08	Central Europe	12.29763	12.297631	12.297628
2022-06-09	Central Europe	11.999732	11.999736	11.999731
2022-06-10	Central Europe	11.806319	11.806321	11.806317
2022-06-11	Central Europe	11.70046	11.700461	11.700459
2022-06-12	Central Europe	11.66676	11.666762	11.666759
2022-06-13	Central Europe	11.69198	11.691983	11.691978
2022-06-14	Central Europe	11.765008	11.765009	11.765005
2022-06-15	Central Europe	11.876405	11.876409	11.876405
2022-06-16	Central Europe	12.017767	12.01777	12.017766
2022-06-17	Central Europe	12.181006	12.181011	12.1810055
2022-06-18	Central Europe	12.357862	12.357864	12.3578615
2022-06-19	Central Europe	12.539521	12.539524	12.539519
2022-06-20	Central Europe	12.716537	12.716541	12.716536
2022-06-21	Central Europe	12.878999	12.879002	12.878997
2022-06-22	Central Europe	13.016898	13.016902	13.016897
2022-06-23	Central Europe	13.12065	13.120655	13.120648
2022-06-24	Central Europe	13.181643	13.181645	13.181642
2022-06-25	Central Europe	13.192779	13.192781	13.192778
2022-06-26	Central Europe	13.148915	13.148917	13.148914
2022-06-27	Central Europe	13.047175	13.047178	13.047173
2022-06-28	Central Europe	12.887087	12.88709	12.887085
2022-06-29	Central Europe	12.670502	12.670506	12.6705
2022-06-30	Central Europe	12.401582	12.401584	12.401582
2022-07-01	Central Europe	12.086409	12.08641	12.086407
2022-07-02	Central Europe	11.732594	11.732599	11.732594
2022-07-03	Central Europe	11.348867	11.34887	11.348867
2022-07-04	Central Europe	10.944592	10.944594	10.9445915
2022-07-05	Central Europe	10.529328	10.529329	10.529326
2022-07-06	Central Europe	10.112404	10.112408	10.112403
2022-07-07	Central Europe	9.702564	9.702568	9.702564
2022-07-08	Central Europe	9.307662	9.307664	9.307659
2022-07-09	Central Europe	8.934438	8.93444	8.934437
2022-07-10	Central Europe	8.588383	8.588386	8.588382
2022-07-11	Central Europe	8.273661	8.2736635	8.273657
2022-07-12	Central Europe	7.9931026	7.993105	7.9931016
2022-07-13	Central Europe	7.7482634	7.7482667	7.7482615
2022-07-14	Central Europe	7.5395074	7.5395093	7.5395055
2022-07-15	Central Europe	7.36613	7.3661323	7.3661284
2022-07-16	Central Europe	7.226498	7.2265015	7.2264967
2022-07-17	Central Europe	7.118201	7.118203	7.118199
2022-07-18	Central Europe	7.038189	7.0381913	7.038187
2022-07-19	Central Europe	6.9829235	6.9829273	6.9829226
2022-07-20	Central Europe	6.9485083	6.948511	6.9485073
2022-07-21	Central Europe	6.9308157	6.9308186	6.930814
2022-07-22	Central Europe	6.925601	6.925604	6.9255996
2022-07-23	Central Europe	6.928621	6.928623	6.928618
2022-07-24	Central Europe	6.9357224	6.935726	6.9357214
2022-07-25	Central Europe	6.9429564	6.9429607	6.942955
2022-07-26	Central Europe	6.9466534	6.9466567	6.946651
2022-07-27	Central Europe	6.943543	6.9435463	6.9435406
2022-07-28	Central Europe	6.93075	6.9307523	6.9307475
2022-07-29	Central Europe	6.905905	6.905907	6.9059024
2022-07-30	Central Europe	6.8671813	6.867185	6.8671784
2022-07-31	Central Europe	6.8133316	6.813335	6.8133283
2022-08-01	Central Europe	6.743692	6.7436967	6.743691
2022-08-02	Central Europe	6.6581817	6.6581845	6.6581793
2022-08-03	Central Europe	6.5572686	6.5572715	6.5572653
2022-08-04	Central Europe	6.44193	6.441932	6.4419255
2022-08-05	Central Europe	6.313593	6.3135953	6.31359
2022-08-06	Central Europe	6.174062	6.1740656	6.17406
2022-08-07	Central Europe	6.025438	6.025441	6.0254354
2022-08-08	Central Europe	5.870026	5.870029	5.870024
2022-08-09	Central Europe	5.710251	5.7102532	5.7102475
2022-08-10	Central Europe	5.5485644	5.548568	5.548562
2022-08-11	Central Europe	5.387367	5.3873696	5.3873644
2022-08-12	Central Europe	5.2289248	5.228927	5.2289224
2022-08-13	Central Europe	5.0753093	5.075313	5.075308
2022-08-14	Central Europe	4.9283447	4.928348	4.9283433
2022-08-15	Central Europe	4.789561	4.7895627	4.7895584
2022-08-16	Central Europe	4.6601653	4.660168	4.6601634
2022-08-17	Central Europe	4.541036	4.5410395	4.5410337
2022-08-18	Central Europe	4.43271	4.432713	4.4327083
2022-08-19	Central Europe	4.335393	4.335396	4.335391
2022-08-20	Central Europe	4.248977	4.24898	4.2489753
2022-08-21	Central Europe	4.173069	4.173072	4.1730666
2022-08-22	Central Europe	4.107018	4.1070204	4.107016
2022-08-23	Central Europe	4.049958	4.04996	4.049956
2022-08-24	Central Europe	4.000844	4.0008464	4.000842
2022-08-25	Central Europe	3.9584992	3.9585018	3.958498
2022-08-26	Central Europe	3.9216585	3.921661	3.9216561
2022-08-27	Central Europe	3.889007	3.8890102	3.889005
2022-08-28	Central Europe	3.8592288	3.859231	3.8592272
2022-08-29	Central Europe	3.831041	3.8310435	3.831039
2022-08-30	Central Europe	3.8032298	3.8032327	3.8032274
2022-08-31	Central Europe	3.7746835	3.774686	3.774681
2022-09-01	Central Europe	3.7444172	3.7444193	3.7444146
2022-09-02	Central Europe	3.7115936	3.7115965	3.7115912
2022-09-03	Central Europe	3.6755397	3.6755424	3.6755376
2022-09-04	Central Europe	3.635755	3.6357577	3.6357524
2022-09-05	Central Europe	3.5919156	3.5919178	3.5919132
2022-09-06	Central Europe	3.543872	3.5438747	3.5438695
2022-09-07	Central Europe	3.4916434	3.4916458	3.4916408
2022-09-08	Central Europe	3.435405	3.4354079	3.4354024
2022-09-09	Central Europe	3.375473	3.3754754	3.3754702
2022-09-10	Central Europe	3.3122826	3.3122847	3.31228
2022-09-11	Central Europe	3.2463715	3.2463734	3.246369
2022-09-12	Central Europe	3.178351	3.1783533	3.1783488
2022-09-13	Central Europe	3.108886	3.1088881	3.1088834
2022-09-14	Central Europe	3.0386672	3.0386696	3.0386653
2022-09-15	Central Europe	2.96839	2.9683921	2.968388
2022-09-16	Central Europe	2.89873	2.8987324	2.8987281
2022-09-17	Central Europe	2.8303254	2.8303273	2.830323
2022-09-18	Central Europe	2.7637563	2.7637577	2.7637537
2022-09-19	Central Europe	2.6995318	2.699534	2.6995296
2022-09-20	Central Europe	2.6380804	2.6380825	2.6380782
2022-09-21	Central Europe	2.5797384	2.5797405	2.5797365
2022-09-22	Central Europe	2.5247471	2.5247493	2.5247457
2022-09-23	Central Europe	2.4732516	2.4732537	2.4732494
2022-09-24	Central Europe	2.4253013	2.4253027	2.4252992
2022-09-25	Central Europe	2.3808553	2.3808568	2.3808532
2022-09-26	Central Europe	2.3397892	2.3397913	2.3397875
2022-09-27	Central Europe	2.3019052	2.3019073	2.3019032
2022-09-28	Central Europe	2.2669408	2.2669425	2.2669382
2022-09-29	Central Europe	2.2345812	2.2345831	2.2345796
2022-09-30	Central Europe	2.2044752	2.204477	2.2044735
2022-10-01	Central Europe	2.1762426	2.1762447	2.1762407
2022-10-02	Central Europe	2.1494927	2.1494946	2.149491
2022-10-03	Central Europe	2.1238332	2.123835	2.1238317
2022-10-04	Central Europe	2.0988836	2.0988853	2.0988817
2022-10-05	Central Europe	2.0742846	2.0742867	2.0742831
2022-10-06	Central Europe	2.0497088	2.049711	2.0497072
2022-10-07	Central Europe	2.0248678	2.0248694	2.0248659
2022-10-08	Central Europe	1.9995162	1.999518	1.9995145
2022-10-09	Central Europe	1.9734596	1.9734614	1.9734578
2022-10-10	Central Europe	1.9465535	1.9465553	1.9465518
2022-10-11	Central Europe	1.9187065	1.918708	1.9187047
2022-10-12	Central Europe	1.8898779	1.8898796	1.889876
2022-10-13	Central Europe	1.8600761	1.8600779	1.8600743
2022-10-14	Central Europe	1.8293545	1.8293564	1.829353
2022-10-15	Central Europe	1.797807	1.7978085	1.7978054
2022-10-16	Central Europe	1.7655611	1.7655627	1.7655596
2022-10-17	Central Europe	1.7327735	1.7327753	1.732772
2022-10-18	Central Europe	1.6996211	1.6996226	1.6996193
2022-10-19	Central Europe	1.6662949	1.6662964	1.6662934
2022-10-20	Central Europe	1.6329933	1.6329945	1.6329918
2022-10-21	Central Europe	1.5999143	1.5999156	1.5999128
2022-10-22	Central Europe	1.56725	1.5672514	1.5672486
2022-10-23	Central Europe	1.5351812	1.5351826	1.5351796
2022-10-24	Central Europe	1.5038705	1.5038717	1.5038692
2022-10-25	Central Europe	1.4734604	1.4734619	1.4734592
2022-10-26	Central Europe	1.4440695	1.4440708	1.4440682
2022-10-27	Central Europe	1.4157888	1.4157903	1.4157877
2022-10-28	Central Europe	1.3886828	1.3886842	1.3886815
2022-10-29	Central Europe	1.3627872	1.3627884	1.362786
2022-10-30	Central Europe	1.3381106	1.3381116	1.3381093
2022-10-31	Central Europe	1.3146349	1.3146361	1.3146336
2022-11-01	Central Europe	1.2923186	1.29232	1.2923173
2022-11-02	Central Europe	1.2710989	1.2710999	1.2710974
2022-11-03	Central Europe	1.2508937	1.250895	1.2508925
2022-11-04	Central Europe	1.231608	1.2316092	1.2316068
2022-11-05	Central Europe	1.2131344	1.2131354	1.2131332
2022-11-06	Central Europe	1.1953588	1.19536	1.1953576
2022-11-07	Central Europe	1.178164	1.1781651	1.178163
2022-11-08	Central Europe	1.1614329	1.1614339	1.1614319
2022-11-09	Central Europe	1.1450524	1.1450535	1.1450512
2022-11-10	Central Europe	1.1289159	1.1289166	1.1289145
2022-11-11	Central Europe	1.1129258	1.1129267	1.1129247
2022-11-12	Central Europe	1.096997	1.096998	1.096996
2022-11-13	Central Europe	1.0810574	1.0810583	1.0810562
2022-11-14	Central Europe	1.0650488	1.0650498	1.065048
2022-11-15	Central Europe	1.048929	1.0489302	1.048928
2022-11-16	Central Europe	1.0326706	1.0326717	1.0326695
2022-11-17	Central Europe	1.0162611	1.0162622	1.0162601
2022-11-18	Central Europe	0.99970233	0.99970335	0.99970144
2022-11-19	Central Europe	0.9830094	0.98301035	0.9830084
2022-11-20	Central Europe	0.9662084	0.9662093	0.96620744
2022-11-21	Central Europe	0.94933593	0.9493368	0.949335
2022-11-22	Central Europe	0.93243605	0.93243694	0.93243515
2022-11-23	Central Europe	0.9155591	0.91555995	0.9155581
2022-11-24	Central Europe	0.8987591	0.89876	0.89875823
2022-11-25	Central Europe	0.88209194	0.8820928	0.8820911
2022-11-26	Central Europe	0.8656133	0.8656141	0.86561245
2022-11-27	Central Europe	0.84937716	0.84937793	0.8493763
2022-11-28	Central Europe	0.8334334	0.8334342	0.83343256
2022-11-29	Central Europe	0.8178273	0.81782806	0.8178265
2022-11-30	Central Europe	0.8025975	0.8025983	0.8025968
2022-12-01	Central Europe	0.78777593	0.7877767	0.78777516
2022-12-02	Central Europe	0.7733867	0.7733873	0.77338594
2022-12-03	Central Europe	0.75944537	0.759446	0.7594446
2022-12-04	Central Europe	0.74596006	0.7459607	0.7459593
2022-12-05	Central Europe	0.7329304	0.7329311	0.7329297
2022-12-06	Central Europe	0.72034883	0.7203495	0.7203482
2022-12-07	Central Europe	0.7082007	0.7082014	0.70820004
2022-12-08	Central Europe	0.69646543	0.6964659	0.69646466
2022-12-09	Central Europe	0.6851168	0.6851174	0.6851162
2022-12-10	Central Europe	0.67412513	0.67412573	0.6741244
2022-12-11	Central Europe	0.6634573	0.6634579	0.6634566
2022-12-12	Central Europe	0.6530782	0.65307885	0.65307766
2022-12-13	Central Europe	0.64295226	0.64295286	0.64295167
2022-12-14	Central Europe	0.63304377	0.6330443	0.63304317
2022-12-15	Central Europe	0.6233185	0.623319	0.62331784
2022-12-16	Central Europe	0.6137441	0.61374456	0.6137435
2022-12-17	Central Europe	0.60429114	0.6042917	0.60429066
2022-12-18	Central Europe	0.594934	0.5949345	0.5949334
2022-12-19	Central Europe	0.58565044	0.585651	0.5856499
2022-12-20	Central Europe	0.57642287	0.57642347	0.57642245
2022-12-21	Central Europe	0.5672383	0.5672388	0.56723773
2022-12-22	Central Europe	0.5580876	0.55808824	0.5580871
2022-12-23	Central Europe	0.5489667	0.5489673	0.54896617
2022-12-24	Central Europe	0.5398752	0.53987575	0.53987473
2022-12-25	Central Europe	0.5308168	0.5308172	0.5308162
2022-12-26	Central Europe	0.52179813	0.52179855	0.52179766
2022-12-27	Central Europe	0.51282907	0.5128296	0.51282865
2022-12-28	Central Europe	0.5039217	0.50392216	0.5039212
2022-12-29	Central Europe	0.49508953	0.49508998	0.49508908
2022-12-30	Central Europe	0.4863474	0.48634785	0.48634696
2022-12-31	Central Europe	0.47771046	0.47771096	0.47771007
2023-01-01	Central Europe	0.469194	0.46919444	0.46919355
2023-01-02	Central Europe	0.4608124	0.4608128	0.46081194
2023-01-03	Central Europe	0.45257908	0.4525795	0.45257872
2023-01-04	Central Europe	0.44450602	0.44450647	0.44450563
2023-01-05	Central Europe	0.43660337	0.43660372	0.43660295
2023-01-06	Central Europe	0.42887902	0.4288794	0.42887864
2023-01-07	Central Europe	0.42133883	0.42133927	0.42133847
2023-01-08	Central Europe	0.41398612	0.41398647	0.4139857
2023-01-09	Central Europe	0.40682197	0.40682226	0.40682155
2023-01-10	Central Europe	0.39984506	0.39984542	0.39984477
2023-01-11	Central Europe	0.39305216	0.39305252	0.3930518
2023-01-12	Central Europe	0.3864377	0.38643807	0.38643742
2023-01-13	Central Europe	0.3799947	0.37999508	0.3799944
2023-01-14	Central Europe	0.37371454	0.3737149	0.37371427
2023-01-15	Central Europe	0.36758745	0.3675878	0.36758715
2023-01-16	Central Europe	0.3616029	0.3616032	0.36160263
2023-01-17	Central Europe	0.35574985	0.35575014	0.35574958
2023-01-18	Central Europe	0.35001695	0.35001728	0.35001665
2023-01-19	Central Europe	0.34439313	0.34439343	0.34439284
2023-01-20	Central Europe	0.3388676	0.33886793	0.3388673
2023-01-21	Central Europe	0.3334303	0.33343062	0.33343002
2023-01-22	Central Europe	0.328072	0.3280723	0.3280717
2023-01-23	Central Europe	0.32278448	0.3227848	0.32278427
2023-01-24	Central Europe	0.31756085	0.31756118	0.31756067
2023-01-25	Central Europe	0.3123953	0.3123956	0.3123951
2023-01-26	Central Europe	0.30728343	0.30728376	0.30728325
