date	region	median_I_smooth	I_smooth_upper_95	I_smooth_lower_95
2022-05-07	Western Europe	0.22642423	0.24791929	0.21057571
2022-05-08	Western Europe	0.23165289	0.25362775	0.2154331
2022-05-09	Western Europe	0.3560086	0.38111907	0.3290166
2022-05-10	Western Europe	1.2310917	1.3055222	1.1390283
2022-05-11	Western Europe	2.1523297	2.2859476	1.9967915
2022-05-12	Western Europe	2.4779277	2.630525	2.2995403
2022-05-13	Western Europe	2.534426	2.6887217	2.3526938
2022-05-14	Western Europe	2.6223996	2.7856126	2.4382167
2022-05-15	Western Europe	2.884849	3.0820272	2.6911802
2022-05-16	Western Europe	3.3793387	3.6395183	3.1661754
2022-05-17	Western Europe	4.1128025	4.4550014	3.8520563
2022-05-18	Western Europe	5.026254	5.4767365	4.706753
2022-05-19	Western Europe	6.0833774	6.6413774	5.687657
2022-05-20	Western Europe	7.2275763	7.9098744	6.7554164
2022-05-21	Western Europe	8.453973	9.2606535	7.8921733
2022-05-22	Western Europe	9.752626	10.70107	9.103123
2022-05-23	Western Europe	11.151091	12.256141	10.415631
2022-05-24	Western Europe	12.686419	13.956672	11.848869
2022-05-25	Western Europe	14.370223	15.829529	13.42617
2022-05-26	Western Europe	16.207195	17.892149	15.163609
2022-05-27	Western Europe	18.208725	20.151375	17.068165
2022-05-28	Western Europe	20.383305	22.605377	19.139742
2022-05-29	Western Europe	22.739471	25.246916	21.373522
2022-05-30	Western Europe	25.278168	28.066492	23.762585
2022-05-31	Western Europe	27.9692	31.054476	26.29975
2022-06-01	Western Europe	30.776463	34.20203	28.978468
2022-06-02	Western Europe	33.73871	37.511395	31.79283
2022-06-03	Western Europe	36.824745	40.968136	34.73707
2022-06-04	Western Europe	40.01822	44.560234	37.804867
2022-06-05	Western Europe	43.33539	48.265522	40.976105
2022-06-06	Western Europe	46.75369	52.083046	44.209084
2022-06-07	Western Europe	50.303604	55.998714	47.575333
2022-06-08	Western Europe	53.914474	59.99668	51.0008
2022-06-09	Western Europe	57.63133	64.05973	54.49054
2022-06-10	Western Europe	61.391125	68.16963	58.032814
2022-06-11	Western Europe	65.18105	72.30756	61.61281
2022-06-12	Western Europe	68.98141	76.45444	65.21531
2022-06-13	Western Europe	72.78737	80.59109	68.82493
2022-06-14	Western Europe	76.56952	84.69851	72.42629
2022-06-15	Western Europe	80.328064	88.758064	76.00417
2022-06-16	Western Europe	84.01456	92.751564	79.54352
2022-06-17	Western Europe	87.64662	96.6614	83.03034
2022-06-18	Western Europe	91.24295	100.47068	86.451775
2022-06-19	Western Europe	94.72531	104.16338	89.79235
2022-06-20	Western Europe	98.10012	107.72445	93.00447
2022-06-21	Western Europe	101.362915	111.139854	96.06691
2022-06-22	Western Europe	104.53776	114.39675	99.00972
2022-06-23	Western Europe	107.520355	117.48359	101.822815
2022-06-24	Western Europe	110.32878	120.39005	104.49706
2022-06-25	Western Europe	112.97981	123.107216	107.03305
2022-06-26	Western Europe	115.49476	125.62753	109.512985
2022-06-27	Western Europe	117.85493	127.94482	111.81387
2022-06-28	Western Europe	120.03348	130.05429	113.79771
2022-06-29	Western Europe	121.982346	131.95248	115.605606
2022-06-30	Western Europe	123.80381	133.6372	117.28127
2022-07-01	Western Europe	125.37367	135.10757	118.844
2022-07-02	Western Europe	126.824646	136.36378	120.277016
2022-07-03	Western Europe	128.0409	137.51303	121.53142
2022-07-04	Western Europe	129.02455	138.75009	122.60765
2022-07-05	Western Europe	129.83643	139.7872	123.495895
2022-07-06	Western Europe	130.45576	140.6266	124.20314
2022-07-07	Western Europe	130.94925	141.27147	124.66223
2022-07-08	Western Europe	131.28723	141.72342	124.789185
2022-07-09	Western Europe	131.38824	141.63954	124.778046
2022-07-10	Western Europe	131.38463	141.35703	124.7876
2022-07-11	Western Europe	131.19493	140.86403	124.64747
2022-07-12	Western Europe	130.85834	140.33401	124.244156
2022-07-13	Western Europe	130.22476	139.69905	123.636826
2022-07-14	Western Europe	129.49823	139.2323	122.89913
2022-07-15	Western Europe	128.58865	138.61095	122.03756
2022-07-16	Western Europe	127.52545	137.44147	121.06184
2022-07-17	Western Europe	126.43111	136.10439	120.102295
2022-07-18	Western Europe	125.257126	134.652	118.92555
2022-07-19	Western Europe	124.03377	133.12492	117.6279
2022-07-20	Western Europe	122.726616	131.68947	116.243744
2022-07-21	Western Europe	121.30766	129.92368	114.78041
2022-07-22	Western Europe	119.70772	128.52896	113.24504
2022-07-23	Western Europe	118.03899	127.08687	111.644615
2022-07-24	Western Europe	116.359665	125.56538	109.98593
2022-07-25	Western Europe	114.65443	123.96807	108.275536
2022-07-26	Western Europe	112.90456	122.29738	106.51978
2022-07-27	Western Europe	111.06525	120.34905	104.72482
2022-07-28	Western Europe	109.16769	118.53806	102.9056
2022-07-29	Western Europe	107.23747	116.68168	101.102196
2022-07-30	Western Europe	105.31204	114.78573	99.27355
2022-07-31	Western Europe	103.44374	112.85589	97.4247
2022-08-01	Western Europe	101.49402	110.897484	95.479996
2022-08-02	Western Europe	99.47785	108.91561	93.60679
2022-08-03	Western Europe	97.43956	106.91508	91.726685
2022-08-04	Western Europe	95.47926	104.90048	89.843185
2022-08-05	Western Europe	93.52923	102.87611	87.9599
2022-08-06	Western Europe	91.55365	100.845955	86.0803
2022-08-07	Western Europe	89.54731	98.81381	84.158134
2022-08-08	Western Europe	87.60622	96.78318	82.15558
2022-08-09	Western Europe	85.65088	94.75731	80.24486
2022-08-10	Western Europe	83.642685	92.739235	78.420746
2022-08-11	Western Europe	81.70621	90.73172	76.61373
2022-08-12	Western Europe	79.79495	88.73731	74.82459
2022-08-13	Western Europe	77.85555	86.758354	73.05519
2022-08-14	Western Europe	75.99753	84.79497	71.16446
2022-08-15	Western Europe	74.13518	82.85082	69.308624
2022-08-16	Western Europe	72.31345	80.92801	67.590805
2022-08-17	Western Europe	70.51765	79.02804	65.901436
2022-08-18	Western Europe	68.73663	77.152275	64.16842
2022-08-19	Western Europe	67.013054	75.30197	62.531654
2022-08-20	Western Europe	65.24988	73.478134	60.925003
2022-08-21	Western Europe	63.55909	71.68166	59.34895
2022-08-22	Western Europe	61.919678	69.91336	57.803802
2022-08-23	Western Europe	60.31016	68.173836	56.289772
2022-08-24	Western Europe	58.741764	66.4313	54.759754
2022-08-25	Western Europe	57.186546	64.70324	53.211678
2022-08-26	Western Europe	55.693825	63.007603	51.700077
2022-08-27	Western Europe	54.21591	61.34448	50.22652
2022-08-28	Western Europe	52.75354	59.713974	48.788986
2022-08-29	Western Europe	51.292885	58.116074	47.386806
2022-08-30	Western Europe	49.881287	56.550674	46.019512
2022-08-31	Western Europe	48.518612	55.017635	44.68662
2022-09-01	Western Europe	47.177303	53.516747	43.387558
2022-09-02	Western Europe	45.857136	52.047733	42.142345
2022-09-03	Western Europe	44.57188	50.61029	40.973484
2022-09-04	Western Europe	43.333332	49.204044	39.83306
2022-09-05	Western Europe	42.128235	47.828613	38.72055
2022-09-06	Western Europe	40.9337	46.483578	37.58666
2022-09-07	Western Europe	39.771202	45.16846	36.478294
2022-09-08	Western Europe	38.6446	43.882793	35.398693
2022-09-09	Western Europe	37.555267	42.626072	34.3472
2022-09-10	Western Europe	36.490734	41.397785	33.323162
2022-09-11	Western Europe	35.44608	40.197395	32.325897
2022-09-12	Western Europe	34.42048	39.024364	31.354752
2022-09-13	Western Europe	33.424953	37.878147	30.409046
2022-09-14	Western Europe	32.456947	36.758183	29.488127
2022-09-15	Western Europe	31.51427	35.663925	28.591328
2022-09-16	Western Europe	30.593132	34.59482	27.717999
2022-09-17	Western Europe	29.683441	33.550312	26.867504
2022-09-18	Western Europe	28.790735	32.52985	26.039196
2022-09-19	Western Europe	27.919489	31.532894	25.23246
2022-09-20	Western Europe	27.08139	30.558926	24.446695
2022-09-21	Western Europe	26.251196	29.607504	23.681368
2022-09-22	Western Europe	25.433674	28.67831	22.936352
2022-09-23	Western Europe	24.6395	27.771122	22.211
2022-09-24	Western Europe	23.867664	26.885727	21.504923
2022-09-25	Western Europe	23.103289	26.021893	20.817772
2022-09-26	Western Europe	22.380268	25.179369	20.149187
2022-09-27	Western Europe	21.672142	24.357882	19.498793
2022-09-28	Western Europe	20.976969	23.556932	18.866226
2022-09-29	Western Europe	20.29984	22.776299	18.251118
2022-09-30	Western Europe	19.644022	22.015858	17.653093
2022-10-01	Western Europe	19.01153	21.275301	17.071795
2022-10-02	Western Europe	18.396084	20.554342	16.506859
2022-10-03	Western Europe	17.789072	19.852674	15.957942
2022-10-04	Western Europe	17.21079	19.170013	15.424698
2022-10-05	Western Europe	16.641655	18.506056	14.906799
2022-10-06	Western Europe	16.090435	17.860516	14.403911
2022-10-07	Western Europe	15.557124	17.254412	13.91571
2022-10-08	Western Europe	15.038685	16.683655	13.441881
2022-10-09	Western Europe	14.524359	16.127943	12.982115
2022-10-10	Western Europe	14.018305	15.587063	12.5396385
2022-10-11	Western Europe	13.533101	15.060791	12.112244
2022-10-12	Western Europe	13.075581	14.548918	11.697603
2022-10-13	Western Europe	12.621244	14.05121	11.295439
2022-10-14	Western Europe	12.179441	13.567449	10.905478
2022-10-15	Western Europe	11.762945	13.097407	10.527445
2022-10-16	Western Europe	11.356981	12.640853	10.161073
2022-10-17	Western Europe	10.962445	12.19756	9.806092
2022-10-18	Western Europe	10.57354	11.767293	9.46224
2022-10-19	Western Europe	10.195205	11.349816	9.129256
2022-10-20	Western Europe	9.8317175	10.945226	8.806882
2022-10-21	Western Europe	9.477907	10.552516	8.494863
2022-10-22	Western Europe	9.148058	10.170506	8.192945
2022-10-23	Western Europe	8.818287	9.805436	7.900878
2022-10-24	Western Europe	8.495804	9.449249	7.618417
2022-10-25	Western Europe	8.195098	9.123148	7.3453164
2022-10-26	Western Europe	7.9011583	8.809691	7.0813403
2022-10-27	Western Europe	7.6200666	8.48384	6.826246
2022-10-28	Western Europe	7.345701	8.182242	6.5798016
2022-10-29	Western Europe	7.081047	7.865218	6.3406057
2022-10-30	Western Europe	6.826325	7.565314	6.0988193
2022-10-31	Western Europe	6.5708838	7.297469	5.8537316
2022-11-01	Western Europe	6.3299885	7.038782	5.6218576
2022-11-02	Western Europe	6.099657	6.78888	5.4145527
2022-11-03	Western Europe	5.875021	6.5472198	5.214683
2022-11-04	Western Europe	5.6578636	6.3138237	5.022028
2022-11-05	Western Europe	5.4552946	6.0886497	4.8368535
2022-11-06	Western Europe	5.2554803	5.851801	4.6419106
2022-11-07	Western Europe	5.055929	5.641389	4.451685
2022-11-08	Western Europe	4.8662443	5.4424562	4.268961
2022-11-09	Western Europe	4.6823006	5.250669	4.1094584
2022-11-10	Western Europe	4.5097	5.065814	3.9573772
2022-11-11	Western Europe	4.3334365	4.887685	3.7953148
2022-11-12	Western Europe	4.172208	4.716073	3.6390426
2022-11-13	Western Europe	4.0209765	4.5507803	3.4891493
2022-11-14	Western Europe	3.8677707	4.3916116	3.3454163
2022-11-15	Western Europe	3.7254815	4.238372	3.2079003
2022-11-16	Western Europe	3.5816684	4.0908732	3.076178
2022-11-17	Western Europe	3.4469957	3.9489322	2.9565444
2022-11-18	Western Europe	3.3157442	3.8123708	2.847185
2022-11-19	Western Europe	3.1914756	3.6810477	2.739016
2022-11-20	Western Europe	3.0661268	3.554801	2.6272533
2022-11-21	Western Europe	2.9496527	3.4333565	2.5202992
2022-11-22	Western Europe	2.8421917	3.3145292	2.4181552
2022-11-23	Western Europe	2.7394552	3.1991606	2.3205354
2022-11-24	Western Europe	2.6399467	3.0890427	2.230302
2022-11-25	Western Europe	2.5442462	2.9843738	2.150063
2022-11-26	Western Europe	2.45385	2.8838437	2.0731077
2022-11-27	Western Europe	2.3608904	2.7873082	1.9933286
2022-11-28	Western Europe	2.2771585	2.6946268	1.9156547
2022-11-29	Western Europe	2.196321	2.6056643	1.8414205
2022-11-30	Western Europe	2.119674	2.520289	1.7704889
2022-12-01	Western Europe	2.0459752	2.4383745	1.7027271
2022-12-02	Western Europe	1.9746423	2.3597972	1.6380072
2022-12-03	Western Europe	1.9054949	2.2844381	1.5762054
2022-12-04	Western Europe	1.8425255	2.2134025	1.5172032
2022-12-05	Western Europe	1.7788785	2.1456227	1.4608402
2022-12-06	Western Europe	1.7174094	2.0806372	1.4071807
2022-12-07	Western Europe	1.6594467	2.018347	1.3559972
2022-12-08	Western Europe	1.6065705	1.958659	1.3069953
2022-12-09	Western Europe	1.5560081	1.9014823	1.2593219
2022-12-10	Western Europe	1.5066211	1.8467296	1.2152503
2022-12-11	Western Europe	1.4588702	1.7943169	1.1736095
2022-12-12	Western Europe	1.4127162	1.7441624	1.1309559
2022-12-13	Western Europe	1.370352	1.696189	1.0902953
2022-12-14	Western Europe	1.3309207	1.6503222	1.051543
2022-12-15	Western Europe	1.2926934	1.6064894	1.0154978
2022-12-16	Western Europe	1.2561994	1.5646218	0.9812227
2022-12-17	Western Europe	1.2207184	1.524654	0.9485772
2022-12-18	Western Europe	1.1864641	1.4865016	0.91749346
2022-12-19	Western Europe	1.1534228	1.4501172	0.8879067
2022-12-20	Western Europe	1.1210215	1.415453	0.8597551
2022-12-21	Western Europe	1.0919745	1.3824542	0.8329794
2022-12-22	Western Europe	1.0638893	1.351069	0.8075234
2022-12-23	Western Europe	1.0374454	1.321248	0.78333384
2022-12-24	Western Europe	1.0128958	1.2929451	0.7603595
2022-12-25	Western Europe	0.989599	1.2661165	0.73855203
2022-12-26	Western Europe	0.9668099	1.2407207	0.71789646
2022-12-27	Western Europe	0.9437484	1.2167192	0.6983246
2022-12-28	Western Europe	0.9215758	1.194076	0.67978835
2022-12-29	Western Europe	0.9013171	1.1725532	0.6622488
2022-12-30	Western Europe	0.88294137	1.1517912	0.64566946
2022-12-31	Western Europe	0.8656261	1.1323159	0.6300159
2023-01-01	Western Europe	0.84934294	1.1140997	0.6152559
2023-01-02	Western Europe	0.8351089	1.0971171	0.60135925
2023-01-03	Western Europe	0.82191765	1.0813457	0.5882977
2023-01-04	Western Europe	0.80925244	1.0667652	0.5764826
2023-01-05	Western Europe	0.7975139	1.0533589	0.5659072
2023-01-06	Western Europe	0.7862004	1.0411122	0.5561043
2023-01-07	Western Europe	0.7755374	1.0300139	0.5470561
2023-01-08	Western Europe	0.7661071	1.0200558	0.5380644
2023-01-09	Western Europe	0.7579169	1.0112324	0.5289477
2023-01-10	Western Europe	0.7505927	1.0035418	0.52052695
2023-01-11	Western Europe	0.7441301	0.9969851	0.5127879
2023-01-12	Western Europe	0.73852706	0.99156713	0.50571835
2023-01-13	Western Europe	0.73378456	0.9872963	0.49930805
2023-01-14	Western Europe	0.72990596	0.98418474	0.49354884
2023-01-15	Western Europe	0.72659564	0.9823304	0.48886803
2023-01-16	Western Europe	0.72370994	0.982763	0.48496163
2023-01-17	Western Europe	0.7217132	0.9844586	0.48170468
2023-01-18	Western Europe	0.7213088	0.98745346	0.4790998
2023-01-19	Western Europe	0.722007	0.99179035	0.47715497
2023-01-20	Western Europe	0.7236736	0.99751735	0.4759167
2023-01-21	Western Europe	0.7263379	1.0046905	0.4753559
2023-01-22	Western Europe	0.7300339	1.0133729	0.47614822
2023-01-23	Western Europe	0.7348008	1.0236361	0.4782061
2023-01-24	Western Europe	0.74005246	1.035561	0.480799
2023-01-25	Western Europe	0.745561	1.0492383	0.4825623
2023-01-26	Western Europe	0.7522355	1.0647699	0.48511767
2022-06-03	North America	2.47077	2.8297105	2.3116515
2022-06-04	North America	2.5263247	2.8933394	2.3636334
2022-06-05	North America	2.7569818	3.1588562	2.5830388
2022-06-06	North America	4.1331625	4.7487073	3.8860807
2022-06-07	North America	5.6977124	6.550507	5.3658514
2022-06-08	North America	6.4765263	7.438565	6.102356
2022-06-09	North America	6.8481436	7.8518314	6.4526815
2022-06-10	North America	7.1537676	8.189021	6.7420764
2022-06-11	North America	7.5337086	8.612105	7.103483
2022-06-12	North America	8.055014	9.193638	7.5976186
2022-06-13	North America	8.748453	9.972176	8.256034
2022-06-14	North America	9.620649	10.953253	9.083392
2022-06-15	North America	10.664385	12.121244	10.065072
2022-06-16	North America	11.853453	13.451259	11.1812935
2022-06-17	North America	13.170727	14.919699	12.41822
2022-06-18	North America	14.588203	16.510769	13.763022
2022-06-19	North America	16.122063	18.214659	15.208142
2022-06-20	North America	17.762917	20.035599	16.757942
2022-06-21	North America	19.54227	21.986969	18.424463
2022-06-22	North America	21.444767	24.087946	20.224716
2022-06-23	North America	23.519913	26.359997	22.177822
2022-06-24	North America	25.763355	28.81298	24.302736
2022-06-25	North America	28.22153	31.48584	26.616787
2022-06-26	North America	30.905365	34.36981	29.135166
2022-06-27	North America	33.797928	37.491203	31.871103
2022-06-28	North America	36.938484	40.86143	34.836468
2022-06-29	North America	40.32573	44.4973	38.042538
2022-06-30	North America	43.977264	48.425552	41.50236
2022-07-01	North America	47.93631	52.639477	45.23281
2022-07-02	North America	52.189053	57.15093	49.24206
2022-07-03	North America	56.731102	61.996933	53.543495
2022-07-04	North America	61.60225	67.17256	58.150833
2022-07-05	North America	66.80326	72.688446	63.07786
2022-07-06	North America	72.27382	78.52936	68.33799
2022-07-07	North America	78.118484	84.7091	73.94405
2022-07-08	North America	84.4034	91.25306	79.90798
2022-07-09	North America	90.97673	98.170074	86.240585
2022-07-10	North America	97.943535	105.46758	92.95148
2022-07-11	North America	105.362015	113.14002	100.0489
2022-07-12	North America	113.184586	121.187645	107.42905
2022-07-13	North America	121.415764	129.67386	115.10339
2022-07-14	North America	130.00742	138.48253	123.21923
2022-07-15	North America	138.96237	147.67111	131.83223
2022-07-16	North America	148.25998	157.23668	140.8462
2022-07-17	North America	157.97488	167.17203	150.31078
2022-07-18	North America	168.14795	177.4676	160.02179
2022-07-19	North America	178.54839	188.40308	170.18193
2022-07-20	North America	189.51382	199.56895	180.70561
2022-07-21	North America	200.71466	210.9609	191.51953
2022-07-22	North America	212.38538	222.90396	202.64615
2022-07-23	North America	224.39857	235.40001	214.08917
2022-07-24	North America	236.7132	247.87527	225.82288
2022-07-25	North America	249.0506	260.5456	238.07797
2022-07-26	North America	261.69073	273.75784	250.6688
2022-07-27	North America	274.43198	286.98987	263.1745
2022-07-28	North America	287.43097	300.4153	276.00143
2022-07-29	North America	300.5658	314.11716	288.87625
2022-07-30	North America	313.93298	327.91434	301.238
2022-07-31	North America	327.3491	341.7645	313.6268
2022-08-01	North America	340.85596	355.62347	326.49683
2022-08-02	North America	354.2412	369.4454	339.38873
2022-08-03	North America	367.50003	383.17545	352.2132
2022-08-04	North America	380.72272	396.81146	364.92487
2022-08-05	North America	393.16534	410.20612	377.05856
2022-08-06	North America	405.72644	423.4034	388.75256
2022-08-07	North America	418.1253	436.67267	400.04468
2022-08-08	North America	430.30145	449.7302	411.0112
2022-08-09	North America	442.16357	462.33002	421.61008
2022-08-10	North America	453.78107	474.5941	431.8004
2022-08-11	North America	464.78888	486.39404	441.5499
2022-08-12	North America	474.78784	497.68298	450.81622
2022-08-13	North America	484.50577	508.41617	459.5613
2022-08-14	North America	493.7432	518.551	467.75217
2022-08-15	North America	502.26215	528.0479	475.77823
2022-08-16	North America	510.19806	536.57965	483.3435
2022-08-17	North America	517.5454	544.30176	490.2611
2022-08-18	North America	524.1804	551.29004	496.52002
2022-08-19	North America	529.9111	557.5207	502.09573
2022-08-20	North America	535.177	562.9737	506.8886
2022-08-21	North America	539.69714	567.6329	511.01816
2022-08-22	North America	543.4489	571.48553	513.96875
2022-08-23	North America	546.61646	574.52374	516.2049
2022-08-24	North America	548.6747	576.74304	517.7252
2022-08-25	North America	549.66	578.1433	518.5319
2022-08-26	North America	550.2709	578.91296	518.5209
2022-08-27	North America	550.1183	578.97235	517.4612
2022-08-28	North America	548.98413	578.2168	515.90765
2022-08-29	North America	547.48395	576.6603	513.91534
2022-08-30	North America	545.2128	574.32104	511.26685
2022-08-31	North America	542.08435	571.2201	507.98862
2022-09-01	North America	538.4238	567.38184	504.10632
2022-09-02	North America	534.0042	562.8336	499.5963
2022-09-03	North America	528.9855	557.60535	494.30255
2022-09-04	North America	523.3071	551.72943	488.48306
2022-09-05	North America	517.0847	545.2403	482.28265
2022-09-06	North America	510.28082	538.1739	475.8401
2022-09-07	North America	502.97675	530.5678	468.9519
2022-09-08	North America	495.0664	522.4608	461.65134
2022-09-09	North America	486.85425	513.8926	453.97232
2022-09-10	North America	478.2025	504.9034	445.94907
2022-09-11	North America	469.435	495.53372	437.6158
2022-09-12	North America	460.2268	485.82397	429.00677
2022-09-13	North America	450.6482	475.8144	420.15604
2022-09-14	North America	440.95868	465.5698	411.0747
2022-09-15	North America	431.01636	455.08875	401.7928
2022-09-16	North America	420.79977	444.38718	392.37262
2022-09-17	North America	410.48236	433.57776	382.8451
2022-09-18	North America	400.02417	422.67172	373.23978
2022-09-19	North America	389.4757	411.64783	363.58694
2022-09-20	North America	378.85162	400.60748	353.91415
2022-09-21	North America	368.4073	389.55692	344.2448
2022-09-22	North America	358.04474	378.5258	334.6032
2022-09-23	North America	347.54684	367.462	325.01227
2022-09-24	North America	337.14026	356.25146	315.49353
2022-09-25	North America	326.83527	345.3947	306.06683
2022-09-26	North America	316.72998	334.95782	296.75058
2022-09-27	North America	306.83066	324.57718	287.56168
2022-09-28	North America	296.97028	314.2355	278.4345
2022-09-29	North America	287.50085	303.99542	269.24463
2022-09-30	North America	278.14093	293.9562	260.24118
2022-10-01	North America	268.93396	284.1408	251.43501
2022-10-02	North America	259.8304	274.51837	242.83539
2022-10-03	North America	250.97787	265.08948	234.45029
2022-10-04	North America	242.37517	255.90251	226.28645
2022-10-05	North America	234.12074	246.96461	218.34927
2022-10-06	North America	225.92773	238.28148	210.66185
2022-10-07	North America	218.02603	229.90517	203.40758
2022-10-08	North America	210.47879	221.99054	196.37515
2022-10-09	North America	202.9876	214.17006	189.56648
2022-10-10	North America	195.85493	206.57655	182.98254
2022-10-11	North America	189.00323	199.24254	176.62355
2022-10-12	North America	182.37009	192.16925	170.48906
2022-10-13	North America	176.01987	185.35664	164.57788
2022-10-14	North America	169.75882	178.8027	158.89162
2022-10-15	North America	163.77902	172.50427	153.42535
2022-10-16	North America	158.07405	166.46252	148.17564
2022-10-17	North America	152.57388	160.73325	143.13927
2022-10-18	North America	147.32356	155.25682	138.31198
2022-10-19	North America	142.3359	149.89291	133.68806
2022-10-20	North America	137.47623	144.83694	129.26074
2022-10-21	North America	132.85425	140.0	125.023155
2022-10-22	North America	128.50821	135.37416	120.96847
2022-10-23	North America	124.32582	130.95174	117.09015
2022-10-24	North America	120.311104	126.760704	113.38187
2022-10-25	North America	116.48272	122.82836	109.837425
2022-10-26	North America	112.8074	118.99946	106.450836
2022-10-27	North America	109.29762	115.30223	103.21621
2022-10-28	North America	105.9322	111.7687	100.12781
2022-10-29	North America	102.73181	108.392624	97.16821
2022-10-30	North America	99.69081	105.16782	94.24827
2022-10-31	North America	96.771	102.088264	91.40049
2022-11-01	North America	93.98346	99.14801	88.68546
2022-11-02	North America	91.31479	96.378395	86.09744
2022-11-03	North America	88.81235	93.742836	83.630875
2022-11-04	North America	86.44662	91.232544	81.40035
2022-11-05	North America	84.13728	88.87501	79.30882
2022-11-06	North America	81.940735	86.64365	77.31877
2022-11-07	North America	79.8735	84.470985	75.30926
2022-11-08	North America	77.93461	82.40291	73.411674
2022-11-09	North America	76.08588	80.43309	71.616455
2022-11-10	North America	74.26819	78.55568	69.839195
2022-11-11	North America	72.571976	76.76908	68.19033
2022-11-12	North America	71.0045	75.06904	66.679634
2022-11-13	North America	69.49777	73.426254	65.164734
2022-11-14	North America	68.01201	71.89505	63.722458
2022-11-15	North America	66.57787	70.43823	62.349228
2022-11-16	North America	65.1725	69.05215	61.060993
2022-11-17	North America	63.903214	67.73326	59.83492
2022-11-18	North America	62.644695	66.4782	58.66775
2022-11-19	North America	61.4498	65.279976	57.532738
2022-11-20	North America	60.346256	64.138695	56.44199
2022-11-21	North America	59.283257	62.99723	55.40068
2022-11-22	North America	58.274136	61.890327	54.406105
2022-11-23	North America	57.30482	60.83162	53.462433
2022-11-24	North America	56.382225	59.81831	52.570793
2022-11-25	North America	55.48412	58.8477	51.7192
2022-11-26	North America	54.62612	57.91716	50.90528
2022-11-27	North America	53.817406	57.091465	50.126686
2022-11-28	North America	53.037766	56.368412	49.381165
2022-11-29	North America	52.28302	55.676704	48.6665
2022-11-30	North America	51.573956	55.01398	47.98054
2022-12-01	North America	50.90915	54.3779	47.32119
2022-12-02	North America	50.257675	53.76615	46.686367
2022-12-03	North America	49.616707	53.175632	46.057556
2022-12-04	North America	48.97295	52.551598	45.42374
2022-12-05	North America	48.333908	51.899002	44.808453
2022-12-06	North America	47.714546	51.35993	44.29776
2022-12-07	North America	47.11741	50.834137	43.80127
2022-12-08	North America	46.58332	50.31501	43.285122
2022-12-09	North America	46.035843	49.766735	42.766777
2022-12-10	North America	45.466858	49.225677	42.253258
2022-12-11	North America	44.954777	48.690125	41.7246
2022-12-12	North America	44.409416	48.158295	41.201023
2022-12-13	North America	43.88478	47.628075	40.680767
2022-12-14	North America	43.39192	47.097404	40.15846
2022-12-15	North America	42.91566	46.564228	39.559067
2022-12-16	North America	42.411583	46.026543	38.958145
2022-12-17	North America	41.86389	45.48237	38.3284
2022-12-18	North America	41.321682	44.929787	37.693222
2022-12-19	North America	40.785748	44.366924	37.073555
2022-12-20	North America	40.240837	43.791965	36.508785
2022-12-21	North America	39.674484	43.20317	35.897717
2022-12-22	North America	39.071312	42.59888	35.323963
2022-12-23	North America	38.465622	41.977528	34.738613
2022-12-24	North America	37.83851	41.337646	34.140594
2022-12-25	North America	37.21626	40.6779	33.528946
2022-12-26	North America	36.559868	39.997066	32.904453
2022-12-27	North America	35.89547	39.294075	32.26491
2022-12-28	North America	35.23503	38.568016	31.609447
2022-12-29	North America	34.540443	37.818134	30.937586
2022-12-30	North America	33.83371	37.043877	30.249004
2022-12-31	North America	33.090195	36.244884	29.491636
2023-01-01	North America	32.313606	35.421005	28.706684
2023-01-02	North America	31.508076	34.572296	27.907473
2023-01-03	North America	30.679716	33.699066	27.11443
2023-01-04	North America	29.839859	32.80183	26.345886
2023-01-05	North America	28.9663	31.881392	25.56152
2023-01-06	North America	28.060114	30.938751	24.762255
2023-01-07	North America	27.148106	29.9752	23.896654
2023-01-08	North America	26.250542	28.992266	23.013088
2023-01-09	North America	25.355667	28.019749	22.123466
2023-01-10	North America	24.427088	27.027143	21.229507
2023-01-11	North America	23.475132	25.996613	20.332489
2023-01-12	North America	22.504805	24.95449	19.475489
2023-01-13	North America	21.538635	23.902876	18.626896
2023-01-14	North America	20.588295	22.849653	17.777603
2023-01-15	North America	19.631493	21.807	16.929686
2023-01-16	North America	18.660368	20.771809	16.072643
2023-01-17	North America	17.698927	19.759605	15.2279
2023-01-18	North America	16.745718	18.755667	14.403203
2023-01-19	North America	15.816283	17.759045	13.589303
2023-01-20	North America	14.909688	16.769949	12.788502
2023-01-21	North America	13.991857	15.777551	11.998889
2023-01-22	North America	13.104572	14.777516	11.2257
2023-01-23	North America	12.249514	13.816892	10.455137
2023-01-24	North America	11.420074	12.89501	9.709121
2023-01-25	North America	10.615204	11.998493	8.989375
2023-01-26	North America	9.82702	11.1392355	8.297443
2022-06-25	South America	0.6655094	0.68531644	0.6450842
2022-06-26	South America	0.6805886	0.70084465	0.659702
2022-06-27	South America	0.8317364	0.8549049	0.80705595
2022-06-28	South America	1.8608819	1.9173905	1.802198
2022-06-29	South America	2.95778	3.0544026	2.8603387
2022-06-30	South America	3.364472	3.4764116	3.2519345
2022-07-01	South America	3.4340878	3.5488558	3.3190587
2022-07-02	South America	3.4739213	3.5913713	3.3568282
2022-07-03	South America	3.6095257	3.7352302	3.4857392
2022-07-04	South America	3.8884292	4.029118	3.7501845
2022-07-05	South America	4.31284	4.4778557	4.15677
2022-07-06	South America	4.864833	5.0579543	4.6830573
2022-07-07	South America	5.5097966	5.73167	5.2947965
2022-07-08	South America	6.2092295	6.461228	5.955001
2022-07-09	South America	6.9312515	7.218225	6.638162
2022-07-10	South America	7.667535	7.986778	7.3354588
2022-07-11	South America	8.408416	8.763888	8.040334
2022-07-12	South America	9.167667	9.555411	8.757026
2022-07-13	South America	9.948053	10.370397	9.493602
2022-07-14	South America	10.75819	11.217861	10.258205
2022-07-15	South America	11.603234	12.104294	11.05678
2022-07-16	South America	12.482677	13.037915	11.892104
2022-07-17	South America	13.401745	14.012204	12.761538
2022-07-18	South America	14.357376	15.021767	13.664228
2022-07-19	South America	15.342749	16.065145	14.596704
2022-07-20	South America	16.356892	17.137405	15.554634
2022-07-21	South America	17.395283	18.233843	16.533882
2022-07-22	South America	18.450237	19.355711	17.530828
2022-07-23	South America	19.5202	20.49995	18.542435
2022-07-24	South America	20.608036	21.658882	19.56494
2022-07-25	South America	21.706627	22.830164	20.584969
2022-07-26	South America	22.814793	24.011358	21.610605
2022-07-27	South America	23.926363	25.199995	22.639696
2022-07-28	South America	25.042557	26.393497	23.67001
2022-07-29	South America	26.16031	27.589155	24.699226
2022-07-30	South America	27.277615	28.784159	25.724955
2022-07-31	South America	28.38678	29.975657	26.765179
2022-08-01	South America	29.49194	31.160793	27.800247
2022-08-02	South America	30.582352	32.336792	28.827265
2022-08-03	South America	31.6604	33.500996	29.844069
2022-08-04	South America	32.72944	34.65089	30.849222
2022-08-05	South America	33.769726	35.784115	31.840265
2022-08-06	South America	34.809288	36.89074	32.81546
2022-08-07	South America	35.826393	37.97475	33.77319
2022-08-08	South America	36.814438	39.035885	34.711987
2022-08-09	South America	37.76278	40.072502	35.617123
2022-08-10	South America	38.697273	41.083122	36.48867
2022-08-11	South America	39.608894	42.06644	37.33598
2022-08-12	South America	40.494625	43.021286	38.158176
2022-08-13	South America	41.352333	43.946655	38.95451
2022-08-14	South America	42.171227	44.841656	39.72434
2022-08-15	South America	42.942463	45.7056	40.46719
2022-08-16	South America	43.703278	46.537964	41.1868
2022-08-17	South America	44.448162	47.33834	41.878918
2022-08-18	South America	45.164474	48.111996	42.52947
2022-08-19	South America	45.828438	48.853844	43.161007
2022-08-20	South America	46.457638	49.562916	43.764908
2022-08-21	South America	47.066017	50.23937	44.341335
2022-08-22	South America	47.658802	50.88337	44.89057
2022-08-23	South America	48.213913	51.495197	45.412968
2022-08-24	South America	48.73116	52.075214	45.90895
2022-08-25	South America	49.24266	52.610527	46.379032
2022-08-26	South America	49.707596	53.106388	46.823765
2022-08-27	South America	50.1438	53.57583	47.243755
2022-08-28	South America	50.544098	54.03068	47.639675
2022-08-29	South America	50.914158	54.45711	48.012215
2022-08-30	South America	51.273254	54.8559	48.362846
2022-08-31	South America	51.60862	55.22786	48.678696
2022-09-01	South America	51.921127	55.573845	48.972805
2022-09-02	South America	52.21168	55.89472	49.24624
2022-09-03	South America	52.503975	56.191395	49.499832
2022-09-04	South America	52.77236	56.464767	49.76201
2022-09-05	South America	53.007484	56.71576	49.982647
2022-09-06	South America	53.222404	56.94529	50.229946
2022-09-07	South America	53.411003	57.15429	50.448544
2022-09-08	South America	53.58824	57.343674	50.631935
2022-09-09	South America	53.75229	57.514336	50.80073
2022-09-10	South America	53.910767	57.667202	50.95573
2022-09-11	South America	54.055756	57.803127	51.130234
2022-09-12	South America	54.167046	57.922974	51.292713
2022-09-13	South America	54.28694	58.02759	51.44361
2022-09-14	South America	54.37619	58.1178	51.58358
2022-09-15	South America	54.446156	58.19437	51.71324
2022-09-16	South America	54.50461	58.25808	51.82996
2022-09-17	South America	54.56573	58.309643	51.838055
2022-09-18	South America	54.60646	58.376427	51.83759
2022-09-19	South America	54.644844	58.399876	51.84014
2022-09-20	South America	54.657784	58.411358	51.89265
2022-09-21	South America	54.678894	58.4128	51.93841
2022-09-22	South America	54.69307	58.41024	51.977886
2022-09-23	South America	54.672913	58.402298	52.011497
2022-09-24	South America	54.651558	58.38636	52.03965
2022-09-25	South America	54.673683	58.36286	52.062695
2022-09-26	South America	54.698196	58.33021	52.082092
2022-09-27	South America	54.688972	58.276894	52.097183
2022-09-28	South America	54.652794	58.216564	52.0993
2022-09-29	South America	54.59603	58.20311	52.039463
2022-09-30	South America	54.533443	58.14953	51.976276
2022-10-01	South America	54.49305	58.090286	51.909946
2022-10-02	South America	54.434353	58.025517	51.84064
2022-10-03	South America	54.385063	57.95527	51.76847
2022-10-04	South America	54.30926	57.877277	51.69354
2022-10-05	South America	54.279377	57.794033	51.615894
2022-10-06	South America	54.251297	57.70556	51.535553
2022-10-07	South America	54.238335	57.611828	51.45249
2022-10-08	South America	54.1836	57.512794	51.366665
2022-10-09	South America	54.14119	57.40834	51.308956
2022-10-10	South America	54.065464	57.298344	51.210217
2022-10-11	South America	53.999756	57.182632	51.107597
2022-10-12	South America	53.854916	57.061005	51.000885
2022-10-13	South America	53.786243	56.933224	50.889862
2022-10-14	South America	53.6996	56.796997	50.77951
2022-10-15	South America	53.57094	56.624493	50.66859
2022-10-16	South America	53.474995	56.443672	50.530094
2022-10-17	South America	53.31822	56.255024	50.393692
2022-10-18	South America	53.200123	56.05817	50.254234
2022-10-19	South America	53.095993	55.945797	50.11125
2022-10-20	South America	52.98639	55.844913	49.96139
2022-10-21	South America	52.851013	55.658752	49.77685
2022-10-22	South America	52.706825	55.547462	49.63574
2022-10-23	South America	52.56925	55.46612	49.45681
2022-10-24	South America	52.380535	55.37427	49.17517
2022-10-25	South America	52.15686	55.27119	48.88366
2022-10-26	South America	51.95708	55.15613	48.581806
2022-10-27	South America	51.75515	55.028324	48.27178
2022-10-28	South America	51.47708	54.88697	47.989185
2022-10-29	South America	51.244987	54.726555	47.771072
2022-10-30	South America	51.005585	54.538403	47.54399
2022-10-31	South America	50.74117	54.334633	47.30565
2022-11-01	South America	50.459793	54.1148	47.00052
2022-11-02	South America	50.16475	53.87812	46.669556
2022-11-03	South America	49.852097	53.623756	46.403786
2022-11-04	South America	49.56509	53.350895	46.12215
2022-11-05	South America	49.224766	53.058697	45.823997
2022-11-06	South America	48.83362	52.746365	45.4273
2022-11-07	South America	48.38926	52.370396	44.973038
2022-11-08	South America	47.99845	51.90372	44.503292
2022-11-09	South America	47.572365	51.415768	44.018192
2022-11-10	South America	47.163284	50.906414	43.516068
2022-11-11	South America	46.73571	50.375774	42.99711
2022-11-12	South America	46.253227	49.824024	42.498302
2022-11-13	South America	45.75276	49.251392	41.946632
2022-11-14	South America	45.244408	48.658142	41.37898
2022-11-15	South America	44.706367	48.044582	40.79567
2022-11-16	South America	44.164345	47.411037	40.19709
2022-11-17	South America	43.594894	46.75774	39.58364
2022-11-18	South America	43.00122	46.16452	38.955788
2022-11-19	South America	42.39032	45.549988	38.314037
2022-11-20	South America	41.74359	44.913887	37.65896
2022-11-21	South America	41.068817	44.26512	36.991158
2022-11-22	South America	40.397293	43.628437	36.311306
2022-11-23	South America	39.7146	42.972595	35.62013
2022-11-24	South America	39.026283	42.29824	34.91839
2022-11-25	South America	38.300095	41.6061	34.206882
2022-11-26	South America	37.558937	40.896954	33.486454
2022-11-27	South America	36.79373	40.171646	32.75798
2022-11-28	South America	36.011345	39.431084	32.022377
2022-11-29	South America	35.240044	38.676216	31.280567
2022-11-30	South America	34.490875	37.90803	30.533493
2022-12-01	South America	33.718864	37.127575	29.78214
2022-12-02	South America	32.922005	36.29029	29.027489
2022-12-03	South America	32.112926	35.420483	28.270517
2022-12-04	South America	31.298859	34.54447	27.512234
2022-12-05	South America	30.486485	33.66356	26.753628
2022-12-06	South America	29.667496	32.779026	25.995705
2022-12-07	South America	28.858242	31.892159	25.239445
2022-12-08	South America	28.038422	31.004265	24.485826
2022-12-09	South America	27.207241	30.116608	23.735817
2022-12-10	South America	26.40176	29.230465	22.99036
2022-12-11	South America	25.580292	28.347094	22.250378
2022-12-12	South America	24.764032	27.467718	21.516771
2022-12-13	South America	23.954044	26.615929	20.790417
2022-12-14	South America	23.151352	25.778328	20.072145
2022-12-15	South America	22.356953	24.945732	19.362762
2022-12-16	South America	21.566761	24.11929	18.663048
2022-12-17	South America	20.786762	23.300108	17.973722
2022-12-18	South America	20.017916	22.488338	17.295485
2022-12-19	South America	19.266232	21.68569	16.628973
2022-12-20	South America	18.541729	20.89346	15.974803
2022-12-21	South America	17.814886	20.112574	15.333524
2022-12-22	South America	17.10265	19.343918	14.705651
2022-12-23	South America	16.405006	18.5883	14.091654
2022-12-24	South America	15.722515	17.8465	13.491944
2022-12-25	South America	15.055677	17.119223	12.9069
2022-12-26	South America	14.410016	16.424294	12.336838
2022-12-27	South America	13.780359	15.744238	11.782038
2022-12-28	South America	13.167044	15.079389	11.242726
2022-12-29	South America	12.570375	14.43022	10.719091
2022-12-30	South America	11.990604	13.797137	10.211264
2022-12-31	South America	11.433455	13.180502	9.719344
2023-01-01	South America	10.889925	12.580611	9.243381
2023-01-02	South America	10.355391	11.997726	8.783384
2023-01-03	South America	9.840922	11.432035	8.339326
2023-01-04	South America	9.346388	10.883693	7.9111404
2023-01-05	South America	8.869268	10.345395	7.498723
2023-01-06	South America	8.409491	9.815631	7.1019382
2023-01-07	South America	7.974159	9.305324	6.7206144
2023-01-08	South America	7.546318	8.814314	6.3545547
2023-01-09	South America	7.134013	8.342409	6.003532
2023-01-10	South America	6.74008	7.8893747	5.6672935
2023-01-11	South America	6.3656874	7.454935	5.345565
2023-01-12	South America	6.005063	7.0387845	5.0380487
2023-01-13	South America	5.6599817	6.6405888	4.74443
2023-01-14	South America	5.331867	6.259984	4.464373
2023-01-15	South America	5.0177383	5.8965793	4.1975327
2023-01-16	South America	4.718362	5.5499644	3.9435477
2023-01-17	South America	4.4333477	5.219711	3.7020469
2023-01-18	South America	4.162802	4.9053707	3.4717689
2023-01-19	South America	3.9056582	4.606635	3.2523236
2023-01-20	South America	3.6614602	4.329266	3.0444257
2023-01-21	South America	3.4297974	4.065351	2.8476627
2023-01-22	South America	3.2109687	3.8145	2.6616223
2023-01-23	South America	3.0042305	3.5763128	2.4858902
2023-01-24	South America	2.808638	3.3503804	2.320055
2023-01-25	South America	2.6237762	3.1362898	2.1637092
2023-01-26	South America	2.4492288	2.9336238	2.016448
2022-05-17	Southern Europe	6.982723	7.77035	6.4701653
2022-05-18	Southern Europe	7.139781	7.945161	6.6156898
2022-05-19	Southern Europe	7.8281803	8.741026	7.256145
2022-05-20	Southern Europe	11.974901	13.569442	11.020635
2022-05-21	Southern Europe	16.640522	18.991661	15.25469
2022-05-22	Southern Europe	18.77573	21.456837	17.226194
2022-05-23	Southern Europe	19.646023	22.42372	18.025545
2022-05-24	Southern Europe	20.303057	23.128998	18.627169
2022-05-25	Southern Europe	21.155373	24.08368	19.417028
2022-05-26	Southern Europe	22.389238	25.505657	20.555872
2022-05-27	Southern Europe	24.077473	27.443842	22.106916
2022-05-28	Southern Europe	26.269836	29.900312	24.066763
2022-05-29	Southern Europe	28.897345	32.792263	26.384518
2022-05-30	Southern Europe	31.760414	36.034904	28.98431
2022-05-31	Southern Europe	34.88239	39.535866	31.752533
2022-06-01	Southern Europe	38.202705	43.226284	34.65187
2022-06-02	Southern Europe	41.643745	47.069347	37.705917
2022-06-03	Southern Europe	45.211197	51.06545	40.88777
2022-06-04	Southern Europe	48.93061	55.243687	44.209705
2022-06-05	Southern Europe	52.860733	59.617973	47.686474
2022-06-06	Southern Europe	56.994675	64.22071	51.31925
2022-06-07	Southern Europe	61.3264	69.079475	55.15597
2022-06-08	Southern Europe	65.91079	74.2135	59.212997
2022-06-09	Southern Europe	70.80121	79.63232	63.499763
2022-06-10	Southern Europe	75.93616	85.3369	68.01941
2022-06-11	Southern Europe	81.26282	91.310196	72.77015
2022-06-12	Southern Europe	86.8477	97.49535	77.74715
2022-06-13	Southern Europe	92.72766	103.92624	82.9444
2022-06-14	Southern Europe	98.84906	110.678345	88.3723
2022-06-15	Southern Europe	105.20128	117.639656	94.03538
2022-06-16	Southern Europe	111.81032	124.7687	99.89973
2022-06-17	Southern Europe	118.61331	132.09834	105.95777
2022-06-18	Southern Europe	125.57699	139.6153	112.20145
2022-06-19	Southern Europe	132.83813	147.30487	118.64158
2022-06-20	Southern Europe	140.1922	155.15028	125.2612
2022-06-21	Southern Europe	147.68341	163.13284	132.04398
2022-06-22	Southern Europe	155.39343	171.23155	138.97626
2022-06-23	Southern Europe	163.1564	179.4952	146.04251
2022-06-24	Southern Europe	171.02515	187.86678	153.22556
2022-06-25	Southern Europe	179.02094	196.29434	160.50655
2022-06-26	Southern Europe	187.06593	204.75043	167.86516
2022-06-27	Southern Europe	195.08463	213.20654	175.27983
2022-06-28	Southern Europe	203.10345	221.63243	182.72778
2022-06-29	Southern Europe	211.2483	229.99808	190.18532
2022-06-30	Southern Europe	219.19154	238.27289	197.62782
2022-07-01	Southern Europe	226.97205	246.42574	205.02983
2022-07-02	Southern Europe	234.81749	254.64317	212.36542
2022-07-03	Southern Europe	242.74646	263.12015	219.60812
2022-07-04	Southern Europe	250.32956	271.4188	226.73117
2022-07-05	Southern Europe	257.53583	279.50607	233.70773
2022-07-06	Southern Europe	264.4622	287.34915	240.452
2022-07-07	Southern Europe	271.29837	294.91617	246.8966
2022-07-08	Southern Europe	277.80716	301.57214	253.10416
2022-07-09	Southern Europe	284.12354	307.8487	259.0498
2022-07-10	Southern Europe	289.9606	313.73965	264.70947
2022-07-11	Southern Europe	295.3819	319.2216	270.06055
2022-07-12	Southern Europe	300.47015	324.27264	275.0836
2022-07-13	Southern Europe	305.40338	329.09332	279.7584
2022-07-14	Southern Europe	309.61304	333.80576	284.0648
2022-07-15	Southern Europe	313.374	337.86685	287.98633
2022-07-16	Southern Europe	316.97577	341.11414	291.42044
2022-07-17	Southern Europe	320.1504	344.09625	294.19406
2022-07-18	Southern Europe	322.83594	346.75055	296.5376
2022-07-19	Southern Europe	324.56464	348.8814	298.44415
2022-07-20	Southern Europe	325.9146	350.48398	299.90903
2022-07-21	Southern Europe	326.8109	351.55637	300.92996
2022-07-22	Southern Europe	327.1401	352.09918	301.50668
2022-07-23	Southern Europe	326.9398	352.11566	301.73105
2022-07-24	Southern Europe	326.38007	351.61893	301.87524
2022-07-25	Southern Europe	325.59705	350.69946	301.58707
2022-07-26	Southern Europe	324.31195	349.26086	300.8725
2022-07-27	Southern Europe	322.4922	347.37897	299.73926
2022-07-28	Southern Europe	320.33624	344.93823	298.19727
2022-07-29	Southern Europe	317.7569	342.09253	296.2579
2022-07-30	Southern Europe	314.44702	338.80383	293.66992
2022-07-31	Southern Europe	311.0218	335.09204	290.34164
2022-08-01	Southern Europe	307.21402	330.97845	286.68085
2022-08-02	Southern Europe	303.0691	326.48428	282.70312
2022-08-03	Southern Europe	298.74182	321.63	278.42917
2022-08-04	Southern Europe	293.74557	316.6115	273.87994
2022-08-05	Southern Europe	288.40588	311.2941	269.07706
2022-08-06	Southern Europe	283.15747	305.69437	264.15494
2022-08-07	Southern Europe	277.5658	299.9856	259.1983
2022-08-08	Southern Europe	271.7729	294.0787	253.60538
2022-08-09	Southern Europe	265.9605	287.95706	248.38478
2022-08-10	Southern Europe	259.97516	281.6457	242.96025
2022-08-11	Southern Europe	253.55127	275.16946	237.29695
2022-08-12	Southern Europe	247.1061	268.5296	230.97305
2022-08-13	Southern Europe	240.89517	261.8032	224.53378
2022-08-14	Southern Europe	234.43018	254.98311	218.25117
2022-08-15	Southern Europe	227.76527	248.09203	211.94316
2022-08-16	Southern Europe	221.15714	241.15181	205.7956
2022-08-17	Southern Europe	214.51422	234.18341	199.73181
2022-08-18	Southern Europe	207.81961	227.2068	193.6722
2022-08-19	Southern Europe	201.31313	220.24098	187.63261
2022-08-20	Southern Europe	194.8882	213.10834	181.58234
2022-08-21	Southern Europe	188.5466	205.94484	175.37434
2022-08-22	Southern Europe	182.23056	198.86006	169.24564
2022-08-23	Southern Europe	176.00247	191.85994	163.27376
2022-08-24	Southern Europe	169.7945	185.1983	157.43799
2022-08-25	Southern Europe	163.69984	178.59575	151.70578
2022-08-26	Southern Europe	157.56772	171.86407	145.98337
2022-08-27	Southern Europe	151.63608	165.2814	140.38768
2022-08-28	Southern Europe	145.9927	159.001	134.92499
2022-08-29	Southern Europe	140.4729	152.94194	129.60225
2022-08-30	Southern Europe	135.07687	147.03499	124.423935
2022-08-31	Southern Europe	129.74591	141.28513	119.474144
2022-09-01	Southern Europe	124.588844	135.69623	114.703964
2022-09-02	Southern Europe	119.52818	130.27148	110.07924
2022-09-03	Southern Europe	114.70915	125.01314	105.60128
2022-09-04	Southern Europe	110.00777	119.92183	101.27083
2022-09-05	Southern Europe	105.49591	114.99533	97.04184
2022-09-06	Southern Europe	101.13701	110.238205	92.91335
2022-09-07	Southern Europe	96.87886	105.6499	88.93932
2022-09-08	Southern Europe	92.7457	101.229416	85.118034
2022-09-09	Southern Europe	88.820786	96.975174	81.44732
2022-09-10	Southern Europe	85.00185	92.88517	77.92476
2022-09-11	Southern Europe	81.28369	88.901344	74.50915
2022-09-12	Southern Europe	77.76127	85.02722	71.23127
2022-09-13	Southern Europe	74.405075	81.318535	68.096176
2022-09-14	Southern Europe	71.22229	77.86804	65.100174
2022-09-15	Southern Europe	68.160576	74.653366	62.239433
2022-09-16	Southern Europe	65.23134	71.57553	59.510017
2022-09-17	Southern Europe	62.44187	68.627174	56.907917
2022-09-18	Southern Europe	59.75305	65.743484	54.429028
2022-09-19	Southern Europe	57.224003	62.99285	52.069256
2022-09-20	Southern Europe	54.801155	60.37114	49.824467
2022-09-21	Southern Europe	52.476295	57.872932	47.690575
2022-09-22	Southern Europe	50.281372	55.493973	45.66349
2022-09-23	Southern Europe	48.21598	53.23161	43.73917
2022-09-24	Southern Europe	46.27384	51.081696	41.91366
2022-09-25	Southern Europe	44.450928	49.040115	40.18306
2022-09-26	Southern Europe	42.72345	47.08423	38.543568
2022-09-27	Southern Europe	41.058617	45.268948	36.99146
2022-09-28	Southern Europe	39.4562	43.530643	35.523136
2022-09-29	Southern Europe	37.90787	41.889244	34.135098
2022-09-30	Southern Europe	36.483185	40.36345	32.823948
2022-10-01	Southern Europe	35.112003	38.919304	31.586214
2022-10-02	Southern Europe	33.832184	37.523106	30.418282
2022-10-03	Southern Europe	32.64628	36.172577	29.31648
2022-10-04	Southern Europe	31.5304	34.90836	28.277287
2022-10-05	Southern Europe	30.483067	33.73728	27.29738
2022-10-06	Southern Europe	29.470192	32.62517	26.373646
2022-10-07	Southern Europe	28.498726	31.55342	25.50317
2022-10-08	Southern Europe	27.574831	30.541864	24.68322
2022-10-09	Southern Europe	26.718418	29.587547	23.911217
2022-10-10	Southern Europe	25.91251	28.687668	23.184742
2022-10-11	Southern Europe	25.144428	27.839582	22.491432
2022-10-12	Southern Europe	24.431393	27.040771	21.827787
2022-10-13	Southern Europe	23.773441	26.288857	21.203754
2022-10-14	Southern Europe	23.155632	25.58156	20.617353
2022-10-15	Southern Europe	22.576035	24.916744	20.066698
2022-10-16	Southern Europe	22.032825	24.29235	19.550066
2022-10-17	Southern Europe	21.532276	23.750849	19.06586
2022-10-18	Southern Europe	21.05241	23.27043	18.61235
2022-10-19	Southern Europe	20.605911	22.823387	18.188053
2022-10-20	Southern Europe	20.170456	22.40829	17.791557
2022-10-21	Southern Europe	19.784637	22.023796	17.422138
2022-10-22	Southern Europe	19.430527	21.668655	17.097357
2022-10-23	Southern Europe	19.110668	21.341694	16.79996
2022-10-24	Southern Europe	18.798267	21.017452	16.53118
2022-10-25	Southern Europe	18.515331	20.708267	16.28385
2022-10-26	Southern Europe	18.246122	20.42475	16.057083
2022-10-27	Southern Europe	17.988882	20.165907	15.850054
2022-10-28	Southern Europe	17.747032	19.930782	15.661986
2022-10-29	Southern Europe	17.54675	19.7185	15.486183
2022-10-30	Southern Europe	17.370113	19.52823	15.304727
2022-10-31	Southern Europe	17.20641	19.374561	15.140454
2022-11-01	Southern Europe	17.06883	19.241745	14.993934
2022-11-02	Southern Europe	16.948818	19.128366	14.859704
2022-11-03	Southern Europe	16.834484	19.033806	14.742372
2022-11-04	Southern Europe	16.733896	18.957464	14.6397295
2022-11-05	Southern Europe	16.635536	18.89831	14.5512295
2022-11-06	Southern Europe	16.56158	18.85592	14.476456
2022-11-07	Southern Europe	16.513031	18.830109	14.415194
2022-11-08	Southern Europe	16.478527	18.820364	14.372927
2022-11-09	Southern Europe	16.457565	18.826187	14.35029
2022-11-10	Southern Europe	16.455233	18.84708	14.339719
2022-11-11	Southern Europe	16.468752	18.882557	14.340728
2022-11-12	Southern Europe	16.494839	18.932125	14.338865
2022-11-13	Southern Europe	16.53186	18.995281	14.344155
2022-11-14	Southern Europe	16.581902	19.07151	14.374997
2022-11-15	Southern Europe	16.655422	19.160284	14.415555
2022-11-16	Southern Europe	16.73705	19.26106	14.458712
2022-11-17	Southern Europe	16.820545	19.373253	14.503608
2022-11-18	Southern Europe	16.907188	19.496248	14.556793
2022-11-19	Southern Europe	17.011322	19.629408	14.617723
2022-11-20	Southern Europe	17.114056	19.772038	14.685755
2022-11-21	Southern Europe	17.217583	19.9234	14.760322
2022-11-22	Southern Europe	17.338066	20.082714	14.840842
2022-11-23	Southern Europe	17.458622	20.249128	14.926683
2022-11-24	Southern Europe	17.58931	20.421728	15.017184
2022-11-25	Southern Europe	17.718674	20.59954	15.111638
2022-11-26	Southern Europe	17.85116	20.776987	15.209306
2022-11-27	Southern Europe	17.987099	20.937511	15.309385
2022-11-28	Southern Europe	18.12551	21.138798	15.411044
2022-11-29	Southern Europe	18.27642	21.342945	15.513389
2022-11-30	Southern Europe	18.414885	21.530716	15.615478
2022-12-01	Southern Europe	18.555576	21.716255	15.716414
2022-12-02	Southern Europe	18.70583	21.898022	15.815498
2022-12-03	Southern Europe	18.852087	22.074387	15.911193
2022-12-04	Southern Europe	18.992924	22.243633	16.002348
2022-12-05	Southern Europe	19.116308	22.40397	16.087767
2022-12-06	Southern Europe	19.233463	22.553528	16.166204
2022-12-07	Southern Europe	19.3405	22.690369	16.244545
2022-12-08	Southern Europe	19.435768	22.8125	16.308275
2022-12-09	Southern Europe	19.517582	22.917877	16.351564
2022-12-10	Southern Europe	19.584217	23.004185	16.382402
2022-12-11	Southern Europe	19.633942	23.06877	16.405348
2022-12-12	Southern Europe	19.66779	23.110287	16.413336
2022-12-13	Southern Europe	19.679766	23.12666	16.404907
2022-12-14	Southern Europe	19.674212	23.115843	16.37872
2022-12-15	Southern Europe	19.638302	23.075865	16.333477
2022-12-16	Southern Europe	19.59119	23.00483	16.267948
2022-12-17	Southern Europe	19.521038	22.92038	16.18096
2022-12-18	Southern Europe	19.40888	22.823818	16.07144
2022-12-19	Southern Europe	19.258419	22.69351	15.938423
2022-12-20	Southern Europe	19.080236	22.512814	15.78107
2022-12-21	Southern Europe	18.88773	22.262737	15.598696
2022-12-22	Southern Europe	18.646177	22.004642	15.390773
2022-12-23	Southern Europe	18.388252	21.706284	15.156962
2022-12-24	Southern Europe	18.11051	21.367306	14.897121
2022-12-25	Southern Europe	17.76472	20.987482	14.6113205
2022-12-26	Southern Europe	17.42963	20.565662	14.299855
2022-12-27	Southern Europe	17.031723	20.104237	13.963255
2022-12-28	Southern Europe	16.579643	19.604303	13.602294
2022-12-29	Southern Europe	16.079899	19.04401	13.217992
2022-12-30	Southern Europe	15.5656595	18.434477	12.81161
2022-12-31	Southern Europe	15.06373	17.859322	12.384649
2023-01-01	Southern Europe	14.537174	17.258572	11.93885
2023-01-02	Southern Europe	13.9887085	16.597824	11.465858
2023-01-03	Southern Europe	13.4161415	15.951884	10.96323
2023-01-04	Southern Europe	12.827617	15.299994	10.44975
2023-01-05	Southern Europe	12.205687	14.620814	9.928068
2023-01-06	Southern Europe	11.585478	13.915397	9.400947
2023-01-07	Southern Europe	10.978115	13.199172	8.874693
2023-01-08	Southern Europe	10.372636	12.476178	8.363234
2023-01-09	Southern Europe	9.763711	11.750516	7.8533173
2023-01-10	Southern Europe	9.142176	11.026304	7.3475204
2023-01-11	Southern Europe	8.527107	10.307075	6.849261
2023-01-12	Southern Europe	7.9272404	9.596836	6.361217
2023-01-13	Southern Europe	7.339923	8.899979	5.8846316
2023-01-14	Southern Europe	6.75341	8.220088	5.42175
2023-01-15	Southern Europe	6.187722	7.557464	4.9746194
2023-01-16	Southern Europe	5.6593857	6.904557	4.5450625
2023-01-17	Southern Europe	5.1495714	6.280077	4.1346545
2023-01-18	Southern Europe	4.662319	5.686218	3.7447128
2023-01-19	Southern Europe	4.206197	5.1247406	3.3762825
2023-01-20	Southern Europe	3.7756114	4.596969	3.0265815
2023-01-21	Southern Europe	3.366822	4.12631	2.6988423
2023-01-22	Southern Europe	2.989212	3.6927154	2.3985422
2023-01-23	Southern Europe	2.644477	3.2890277	2.1130486
2023-01-24	Southern Europe	2.3278413	2.9085672	1.8526127
2023-01-25	Southern Europe	2.0357106	2.5535166	1.618257
2023-01-26	Southern Europe	1.7746753	2.2303371	1.4065026
2022-05-24	Central Europe	1.7301946	1.7301946	1.7301946
2022-05-25	Central Europe	1.768886	1.768886	1.768886
2022-05-26	Central Europe	1.7683117	1.7683117	1.7683117
2022-05-27	Central Europe	1.5125871	1.5125874	1.5125868
2022-05-28	Central Europe	1.2229838	1.2229844	1.2229835
2022-05-29	Central Europe	1.119795	1.1197957	1.1197945
2022-05-30	Central Europe	1.1149892	1.11499	1.1149886
2022-05-31	Central Europe	1.1344031	1.134404	1.1344026
2022-06-01	Central Europe	1.1540861	1.1540868	1.1540855
2022-06-02	Central Europe	1.1674112	1.1674119	1.1674106
2022-06-03	Central Europe	1.17243	1.1724309	1.1724296
2022-06-04	Central Europe	1.1689558	1.1689566	1.1689553
2022-06-05	Central Europe	1.157991	1.1579919	1.1579903
2022-06-06	Central Europe	1.1411641	1.141165	1.1411635
2022-06-07	Central Europe	1.1203285	1.1203293	1.1203277
2022-06-08	Central Europe	1.097238	1.0972388	1.0972373
2022-06-09	Central Europe	1.0733421	1.0733428	1.0733414
2022-06-10	Central Europe	1.0496935	1.0496943	1.0496927
2022-06-11	Central Europe	1.0269468	1.0269477	1.0269462
2022-06-12	Central Europe	1.0054165	1.0054176	1.0054158
2022-06-13	Central Europe	0.9851611	0.985162	0.98516035
2022-06-14	Central Europe	0.9660741	0.9660749	0.96607345
2022-06-15	Central Europe	0.9479637	0.9479645	0.94796294
2022-06-16	Central Europe	0.9306139	0.93061465	0.9306132
2022-06-17	Central Europe	0.913826	0.91382664	0.9138251
2022-06-18	Central Europe	0.89744025	0.8974411	0.8974396
2022-06-19	Central Europe	0.8813452	0.88134605	0.88134456
2022-06-20	Central Europe	0.8654733	0.86547405	0.86547256
2022-06-21	Central Europe	0.8497938	0.8497946	0.84979296
2022-06-22	Central Europe	0.83430207	0.8343028	0.8343011
2022-06-23	Central Europe	0.81900907	0.8190099	0.8190083
2022-06-24	Central Europe	0.80393326	0.80393404	0.80393255
2022-06-25	Central Europe	0.78909373	0.78909445	0.7890929
2022-06-26	Central Europe	0.77450633	0.774507	0.7745055
2022-06-27	Central Europe	0.7601819	0.76018244	0.76018095
2022-06-28	Central Europe	0.7461258	0.7461265	0.7461249
2022-06-29	Central Europe	0.7323388	0.7323395	0.73233795
2022-06-30	Central Europe	0.7188177	0.7188184	0.71881694
2022-07-01	Central Europe	0.705557	0.70555764	0.7055563
2022-07-02	Central Europe	0.69254965	0.69255024	0.6925488
2022-07-03	Central Europe	0.67978823	0.6797889	0.6797874
2022-07-04	Central Europe	0.6672656	0.6672662	0.66726476
2022-07-05	Central Europe	0.6549752	0.6549758	0.6549744
2022-07-06	Central Europe	0.6429112	0.6429118	0.64291036
2022-07-07	Central Europe	0.6310682	0.6310688	0.6310676
2022-07-08	Central Europe	0.619442	0.6194425	0.6194413
2022-07-09	Central Europe	0.6080284	0.6080288	0.6080276
2022-07-10	Central Europe	0.59682345	0.59682393	0.5968227
2022-07-11	Central Europe	0.5858238	0.5858243	0.58582306
2022-07-12	Central Europe	0.57502663	0.5750271	0.57502586
2022-07-13	Central Europe	0.56443274	0.5644332	0.56443197
2022-07-14	Central Europe	0.5540382	0.55403864	0.5540374
2022-07-15	Central Europe	0.54383487	0.5438353	0.5438341
2022-07-16	Central Europe	0.5338177	0.5338181	0.533817
2022-07-17	Central Europe	0.5239835	0.52398384	0.5239828
2022-07-18	Central Europe	0.5143292	0.5143297	0.51432854
2022-07-19	Central Europe	0.5048521	0.5048525	0.5048514
2022-07-20	Central Europe	0.49554938	0.49554977	0.49554873
2022-07-21	Central Europe	0.48641813	0.48641852	0.4864174
2022-07-22	Central Europe	0.47745532	0.47745562	0.47745454
2022-07-23	Central Europe	0.4686579	0.46865818	0.46865714
2022-07-24	Central Europe	0.46002287	0.46002322	0.46002224
2022-07-25	Central Europe	0.4515473	0.45154768	0.45154664
2022-07-26	Central Europe	0.44322804	0.4432284	0.44322738
2022-07-27	Central Europe	0.43506223	0.43506256	0.43506157
2022-07-28	Central Europe	0.4270469	0.42704722	0.42704627
2022-07-29	Central Europe	0.41917923	0.41917962	0.4191786
2022-07-30	Central Europe	0.41145656	0.41145688	0.41145587
2022-07-31	Central Europe	0.40387604	0.4038764	0.4038754
2022-08-01	Central Europe	0.39643508	0.39643547	0.3964345
2022-08-02	Central Europe	0.38913122	0.38913158	0.38913062
2022-08-03	Central Europe	0.38196182	0.38196224	0.38196126
2022-08-04	Central Europe	0.37492457	0.3749249	0.374924
2022-08-05	Central Europe	0.36801693	0.36801726	0.36801636
2022-08-06	Central Europe	0.36123648	0.3612368	0.36123595
2022-08-07	Central Europe	0.35458097	0.3545813	0.35458043
2022-08-08	Central Europe	0.3480481	0.34804842	0.34804758
2022-08-09	Central Europe	0.34163553	0.34163588	0.34163502
2022-08-10	Central Europe	0.33534116	0.3353415	0.33534062
2022-08-11	Central Europe	0.3291627	0.32916304	0.32916218
2022-08-12	Central Europe	0.32309803	0.3230984	0.32309762
2022-08-13	Central Europe	0.31714514	0.3171455	0.31714472
2022-08-14	Central Europe	0.31130186	0.3113022	0.31130144
2022-08-15	Central Europe	0.30556622	0.30556658	0.3055658
2022-08-16	Central Europe	0.2999363	0.2999366	0.29993585
2022-08-17	Central Europe	0.29440996	0.29441032	0.29440954
2022-08-18	Central Europe	0.2889855	0.28898585	0.28898504
2022-08-19	Central Europe	0.28366086	0.28366125	0.28366047
2022-08-20	Central Europe	0.27843437	0.2784347	0.27843395
2022-08-21	Central Europe	0.2733041	0.27330446	0.27330372
2022-08-22	Central Europe	0.26826835	0.2682687	0.26826796
2022-08-23	Central Europe	0.26332533	0.2633257	0.26332495
2022-08-24	Central Europe	0.2584734	0.25847375	0.25847304
2022-08-25	Central Europe	0.2537108	0.25371113	0.25371042
2022-08-26	Central Europe	0.24903591	0.24903628	0.24903552
2022-08-27	Central Europe	0.24444713	0.24444747	0.24444674
2022-08-28	Central Europe	0.23994286	0.23994322	0.2399425
2022-08-29	Central Europe	0.23552155	0.23552188	0.23552117
2022-08-30	Central Europe	0.23118167	0.23118202	0.23118132
2022-08-31	Central Europe	0.2269217	0.22692207	0.22692136
2022-09-01	Central Europe	0.22274022	0.22274055	0.22273988
2022-09-02	Central Europe	0.21863574	0.21863607	0.21863538
2022-09-03	Central Europe	0.21460684	0.2146072	0.21460652
2022-09-04	Central Europe	0.21065216	0.2106525	0.21065181
2022-09-05	Central Europe	0.20677029	0.20677064	0.20676996
2022-09-06	Central Europe	0.20295994	0.2029603	0.20295958
2022-09-07	Central Europe	0.19921975	0.19922009	0.1992194
2022-09-08	Central Europe	0.19554844	0.19554877	0.19554812
2022-09-09	Central Europe	0.19194476	0.19194509	0.19194444
2022-09-10	Central Europe	0.18840742	0.18840778	0.18840711
2022-09-11	Central Europe	0.18493524	0.18493558	0.18493491
2022-09-12	Central Europe	0.18152702	0.18152735	0.1815267
2022-09-13	Central Europe	0.17818154	0.17818189	0.17818123
2022-09-14	Central Europe	0.17489772	0.17489803	0.17489739
2022-09-15	Central Europe	0.17167436	0.17167467	0.17167401
2022-09-16	Central Europe	0.16851032	0.16851068	0.16851
2022-09-17	Central Europe	0.16540457	0.1654049	0.16540428
2022-09-18	Central Europe	0.16235605	0.16235638	0.16235575
2022-09-19	Central Europe	0.15936364	0.15936401	0.15936334
2022-09-20	Central Europe	0.15642637	0.1564267	0.15642606
2022-09-21	Central Europe	0.15354319	0.15354353	0.15354289
2022-09-22	Central Europe	0.1507131	0.15071343	0.15071279
2022-09-23	Central Europe	0.14793514	0.14793546	0.14793482
2022-09-24	Central Europe	0.14520833	0.14520866	0.14520805
2022-09-25	Central Europe	0.14253174	0.14253205	0.14253145
2022-09-26	Central Europe	0.13990445	0.13990477	0.13990416
2022-09-27	Central Europe	0.13732556	0.13732587	0.13732526
2022-09-28	Central Europe	0.13479416	0.13479447	0.13479386
2022-09-29	Central Europe	0.13230936	0.13230968	0.13230906
2022-09-30	Central Europe	0.12987036	0.12987067	0.12987003
2022-10-01	Central Europe	0.12747625	0.12747657	0.12747593
2022-10-02	Central Europe	0.12512626	0.12512657	0.12512593
2022-10-03	Central Europe	0.122819535	0.12281985	0.12281922
2022-10-04	Central Europe	0.120555304	0.120555595	0.12055498
2022-10-05	Central Europe	0.11833277	0.11833308	0.11833247
2022-10-06	Central Europe	0.11615118	0.11615148	0.11615087
2022-10-07	Central Europe	0.11400975	0.11401004	0.11400945
2022-10-08	Central Europe	0.111907795	0.111908086	0.11190748
2022-10-09	Central Europe	0.10984452	0.10984482	0.10984423
2022-10-10	Central Europe	0.10781927	0.10781956	0.10781897
2022-10-11	Central Europe	0.105831325	0.105831616	0.105831034
2022-10-12	Central Europe	0.10387998	0.10388027	0.103879705
2022-10-13	Central Europe	0.10196459	0.101964876	0.101964295
2022-10-14	Central Europe	0.10008448	0.10008477	0.100084186
2022-10-15	Central Europe	0.09823901	0.09823928	0.09823872
2022-10-16	Central Europe	0.09642753	0.0964278	0.09642725
2022-10-17	Central Europe	0.09464941	0.094649695	0.09464912
2022-10-18	Central Europe	0.09290406	0.09290432	0.09290376
2022-10-19	Central Europe	0.09119085	0.09119111	0.09119056
2022-10-20	Central Europe	0.0895092	0.08950946	0.08950891
2022-10-21	Central Europe	0.08785853	0.08785879	0.08785825
2022-10-22	Central Europe	0.08623825	0.08623852	0.08623798
2022-10-23	Central Europe	0.08464785	0.0846481	0.084647566
2022-10-24	Central Europe	0.08308674	0.08308699	0.08308646
2022-10-25	Central Europe	0.081554376	0.081554644	0.08155411
2022-10-26	Central Europe	0.08005025	0.08005051	0.080049984
2022-10-27	Central Europe	0.07857384	0.0785741	0.078573585
2022-10-28	Central Europe	0.07712463	0.077124886	0.07712438
2022-10-29	Central Europe	0.07570212	0.07570238	0.07570187
2022-10-30	Central Europe	0.074305825	0.07430608	0.074305564
2022-10-31	Central Europe	0.072935246	0.0729355	0.07293499
2022-11-01	Central Europe	0.07158993	0.07159018	0.07158968
2022-11-02	Central Europe	0.07026939	0.07026964	0.070269145
2022-11-03	Central Europe	0.06897319	0.06897344	0.068972945
2022-11-04	Central Europe	0.06770087	0.0677011	0.06770063
2022-11-05	Central Europe	0.06645201	0.06645223	0.066451766
2022-11-06	Central Europe	0.06522616	0.06522637	0.065225914
2022-11-07	Central Europe	0.064022884	0.0640231	0.06402264
2022-11-08	Central Europe	0.062841795	0.06284201	0.06284155
2022-11-09	Central Europe	0.061682463	0.061682675	0.06168222
2022-11-10	Central Europe	0.060544495	0.060544703	0.060544252
2022-11-11	Central Europe	0.0594275	0.059427705	0.059427276
2022-11-12	Central Europe	0.058331095	0.05833129	0.058330864
2022-11-13	Central Europe	0.057254888	0.057255086	0.057254665
2022-11-14	Central Europe	0.05619853	0.056198727	0.056198295
2022-11-15	Central Europe	0.05516163	0.05516182	0.0551614
2022-11-16	Central Europe	0.054143846	0.054144032	0.05414362
2022-11-17	Central Europe	0.05314482	0.053145006	0.053144597
2022-11-18	Central Europe	0.05216421	0.052164394	0.05216399
2022-11-19	Central Europe	0.051201668	0.051201854	0.05120145
2022-11-20	Central Europe	0.050256874	0.050257053	0.050256666
2022-11-21	Central Europe	0.049329497	0.049329672	0.04932929
2022-11-22	Central Europe	0.048419215	0.048419394	0.048419006
2022-11-23	Central Europe	0.04752571	0.04752589	0.047525503
2022-11-24	Central Europe	0.04664868	0.046648853	0.046648473
2022-11-25	Central Europe	0.04578782	0.045787994	0.045787618
2022-11-26	Central Europe	0.04494283	0.044942997	0.04494263
2022-11-27	Central Europe	0.044113416	0.044113584	0.04411321
2022-11-28	Central Europe	0.04329929	0.043299455	0.043299094
2022-11-29	Central Europe	0.042500187	0.042500343	0.042499986
2022-11-30	Central Europe	0.041715804	0.041715957	0.041715614
2022-12-01	Central Europe	0.040945895	0.040946044	0.040945705
2022-12-02	Central Europe	0.040190175	0.040190324	0.040189985
2022-12-03	Central Europe	0.039448388	0.039448533	0.0394482
2022-12-04	Central Europe	0.038720284	0.03872043	0.038720097
2022-12-05	Central Europe	0.038005605	0.03800575	0.038005423
2022-12-06	Central Europe	0.037304107	0.037304245	0.03730393
2022-12-07	Central Europe	0.036615543	0.036615685	0.036615368
2022-12-08	Central Europe	0.035939675	0.035939813	0.035939503
2022-12-09	Central Europe	0.035276275	0.035276413	0.035276107
2022-12-10	Central Europe	0.03462511	0.03462524	0.03462494
2022-12-11	Central Europe	0.033985958	0.033986084	0.03398579
2022-12-12	Central Europe	0.03335859	0.033358715	0.033358425
2022-12-13	Central Europe	0.0327428	0.032742925	0.032742634
2022-12-14	Central Europe	0.032138363	0.03213848	0.0321382
2022-12-15	Central Europe	0.031545073	0.031545192	0.031544913
2022-12-16	Central Europe	0.030962728	0.030962847	0.03096257
2022-12-17	Central Europe	0.030391123	0.03039124	0.030390967
2022-12-18	Central Europe	0.029830068	0.02983018	0.029829912
2022-12-19	Central Europe	0.029279359	0.029279472	0.029279206
2022-12-20	Central Europe	0.02873881	0.028738922	0.02873866
2022-12-21	Central Europe	0.028208232	0.028208343	0.028208088
2022-12-22	Central Europe	0.027687445	0.027687553	0.027687304
2022-12-23	Central Europe	0.027176265	0.027176373	0.027176125
2022-12-24	Central Europe	0.026674516	0.026674625	0.026674382
2022-12-25	Central Europe	0.026182026	0.026182134	0.026181893
2022-12-26	Central Europe	0.025698626	0.02569873	0.025698492
2022-12-27	Central Europe	0.025224146	0.025224244	0.025224013
2022-12-28	Central Europe	0.024758415	0.024758514	0.024758287
2022-12-29	Central Europe	0.024301281	0.024301378	0.024301153
2022-12-30	Central Europe	0.023852585	0.023852682	0.023852456
2022-12-31	Central Europe	0.023412166	0.02341226	0.023412041
2023-01-01	Central Europe	0.022979878	0.022979967	0.022979755
2023-01-02	Central Europe	0.022555564	0.022555653	0.022555443
2023-01-03	Central Europe	0.02213908	0.022139167	0.02213896
2023-01-04	Central Europe	0.021730287	0.021730373	0.02173017
2023-01-05	Central Europe	0.021329038	0.021329124	0.021328922
2023-01-06	Central Europe	0.020935193	0.02093528	0.020935081
2023-01-07	Central Europe	0.02054862	0.020548703	0.02054851
2023-01-08	Central Europe	0.020169178	0.02016926	0.020169072
2023-01-09	Central Europe	0.019796744	0.019796826	0.019796638
2023-01-10	Central Europe	0.019431187	0.019431265	0.01943108
2023-01-11	Central Europe	0.019072372	0.01907245	0.019072272
2023-01-12	Central Europe	0.018720185	0.018720262	0.018720083
2023-01-13	Central Europe	0.018374495	0.018374572	0.018374396
2023-01-14	Central Europe	0.018035192	0.018035267	0.018035093
2023-01-15	Central Europe	0.01770215	0.017702226	0.017702056
2023-01-16	Central Europe	0.01737526	0.017375335	0.017375167
2023-01-17	Central Europe	0.017054403	0.017054476	0.017054312
2023-01-18	Central Europe	0.016739469	0.01673954	0.01673938
2023-01-19	Central Europe	0.016430354	0.016430423	0.016430264
2023-01-20	Central Europe	0.016126946	0.016127013	0.016126856
2023-01-21	Central Europe	0.015829137	0.015829204	0.01582905
2023-01-22	Central Europe	0.015536826	0.015536894	0.015536743
2023-01-23	Central Europe	0.0152499145	0.015249981	0.015249835
2023-01-24	Central Europe	0.014968304	0.014968368	0.014968225
2023-01-25	Central Europe	0.014691889	0.014691954	0.014691814
2023-01-26	Central Europe	0.014420583	0.014420646	0.014420507
