date	location	median_I_smooth	I_smooth_upper_80	I_smooth_lower_80
2022-05-07	Western Europe	3.175724	3.5540502	2.8322291
2022-05-08	Western Europe	3.2867846	3.6783278	2.9313626
2022-05-09	Western Europe	4.1292453	4.610814	3.7770565
2022-05-10	Western Europe	9.943631	10.946892	9.429198
2022-05-11	Western Europe	16.687101	18.149834	15.821808
2022-05-12	Western Europe	19.871841	21.540247	18.821917
2022-05-13	Western Europe	21.02294	22.752705	19.935017
2022-05-14	Western Europe	21.533127	23.266453	20.42582
2022-05-15	Western Europe	21.807524	23.533056	20.695648
2022-05-16	Western Europe	21.964497	23.669989	20.85955
2022-05-17	Western Europe	22.03275	23.701572	20.906492
2022-05-18	Western Europe	22.025816	23.642431	20.881107
2022-05-19	Western Europe	21.945747	23.54641	20.79377
2022-05-20	Western Europe	21.835766	23.411304	20.664259
2022-05-21	Western Europe	21.67712	23.259766	20.5058
2022-05-22	Western Europe	21.523132	23.066462	20.34524
2022-05-23	Western Europe	21.360283	22.882956	20.157085
2022-05-24	Western Europe	21.204319	22.694607	19.98813
2022-05-25	Western Europe	21.040424	22.482674	19.81507
2022-05-26	Western Europe	20.90953	22.321384	19.676672
2022-05-27	Western Europe	20.839022	22.195066	19.580828
2022-05-28	Western Europe	20.82356	22.132624	19.542843
2022-05-29	Western Europe	20.868732	22.173958	19.5891
2022-05-30	Western Europe	21.069172	22.351936	19.76065
2022-05-31	Western Europe	21.442947	22.722675	20.111345
2022-06-01	Western Europe	22.068977	23.373884	20.735107
2022-06-02	Western Europe	23.067057	24.414333	21.722027
2022-06-03	Western Europe	24.59879	25.95537	23.19197
2022-06-04	Western Europe	26.76654	28.033049	25.291138
2022-06-05	Western Europe	29.49696	30.928577	28.09301
2022-06-06	Western Europe	33.094513	34.574005	31.582188
2022-06-07	Western Europe	37.409615	39.16102	35.76939
2022-06-08	Western Europe	42.505543	44.614647	40.60713
2022-06-09	Western Europe	48.246284	50.683777	46.22766
2022-06-10	Western Europe	54.411922	57.21555	52.233337
2022-06-11	Western Europe	60.79222	64.067245	58.410088
2022-06-12	Western Europe	67.305725	70.938034	64.67327
2022-06-13	Western Europe	73.632675	77.58262	70.76471
2022-06-14	Western Europe	79.56892	83.771866	76.48123
2022-06-15	Western Europe	84.89049	89.30437	81.63852
2022-06-16	Western Europe	89.45476	94.0285	86.064316
2022-06-17	Western Europe	93.20735	97.84154	89.648315
2022-06-18	Western Europe	95.996506	100.730286	92.408226
2022-06-19	Western Europe	97.98632	102.71217	94.39157
2022-06-20	Western Europe	99.065155	103.75128	95.41213
2022-06-21	Western Europe	99.31656	103.913956	95.58279
2022-06-22	Western Europe	98.893295	103.368614	95.26423
2022-06-23	Western Europe	97.91989	102.22428	94.30231
2022-06-24	Western Europe	96.48328	100.64258	92.91946
2022-06-25	Western Europe	94.70795	98.78851	91.38036
2022-06-26	Western Europe	92.89595	96.61102	89.61908
2022-06-27	Western Europe	90.95201	94.410126	87.61459
2022-06-28	Western Europe	89.10896	92.349815	85.647545
2022-06-29	Western Europe	87.37271	90.63724	83.957
2022-06-30	Western Europe	85.97311	89.146065	82.6495
2022-07-01	Western Europe	85.03586	88.205986	81.76464
2022-07-02	Western Europe	84.68704	87.844185	81.40867
2022-07-03	Western Europe	84.932144	88.15266	81.655014
2022-07-04	Western Europe	85.76642	89.138916	82.562935
2022-07-05	Western Europe	87.32086	90.90152	84.12853
2022-07-06	Western Europe	89.5137	93.303	86.465515
2022-07-07	Western Europe	92.56023	96.65643	89.45697
2022-07-08	Western Europe	96.35731	100.58671	93.06357
2022-07-09	Western Europe	100.67747	105.221375	97.03669
2022-07-10	Western Europe	105.30892	110.29238	101.41095
2022-07-11	Western Europe	110.329285	115.633865	106.26718
2022-07-12	Western Europe	115.46489	121.07281	111.09201
2022-07-13	Western Europe	120.5766	126.49252	115.96817
2022-07-14	Western Europe	125.54277	131.86755	120.5135
2022-07-15	Western Europe	130.1513	136.82257	124.8809
2022-07-16	Western Europe	134.37302	141.25775	128.88004
2022-07-17	Western Europe	137.9194	145.02882	132.21896
2022-07-18	Western Europe	140.69507	147.90459	134.89105
2022-07-19	Western Europe	142.65862	149.92186	136.77637
2022-07-20	Western Europe	143.76106	150.9639	137.75464
2022-07-21	Western Europe	143.94453	151.11725	138.05016
2022-07-22	Western Europe	143.27916	150.52974	137.47804
2022-07-23	Western Europe	141.80588	149.02649	136.06755
2022-07-24	Western Europe	139.64246	146.79016	133.95555
2022-07-25	Western Europe	136.86847	143.92307	131.25761
2022-07-26	Western Europe	133.48473	140.34108	128.09358
2022-07-27	Western Europe	129.71045	136.49062	124.4772
2022-07-28	Western Europe	125.67718	132.26149	120.52494
2022-07-29	Western Europe	121.43163	127.837364	116.41246
2022-07-30	Western Europe	117.277954	123.261856	112.249
2022-07-31	Western Europe	113.07088	118.98822	108.137146
2022-08-01	Western Europe	109.02682	114.92616	104.167465
2022-08-02	Western Europe	105.17642	110.8774	100.416756
2022-08-03	Western Europe	101.57556	107.11843	96.907005
2022-08-04	Western Europe	98.297874	103.69835	93.732025
2022-08-05	Western Europe	95.41227	100.668045	90.92437
2022-08-06	Western Europe	92.98183	98.02942	88.48586
2022-08-07	Western Europe	90.817245	95.791275	86.3572
2022-08-08	Western Europe	89.011894	93.9349	84.62778
2022-08-09	Western Europe	87.57927	92.42804	83.23658
2022-08-10	Western Europe	86.46611	91.22707	82.142006
2022-08-11	Western Europe	85.498245	90.279564	81.27284
2022-08-12	Western Europe	84.79764	89.52708	80.6634
2022-08-13	Western Europe	84.28606	88.883896	80.013275
2022-08-14	Western Europe	83.77583	88.33501	79.4855
2022-08-15	Western Europe	83.257126	87.84405	78.95764
2022-08-16	Western Europe	82.68796	87.316246	78.39089
2022-08-17	Western Europe	82.08954	86.82176	77.75284
2022-08-18	Western Europe	81.39787	86.058205	77.00323
2022-08-19	Western Europe	80.532875	85.0692	76.1103
2022-08-20	Western Europe	79.49342	83.85831	75.05028
2022-08-21	Western Europe	78.25232	82.43306	73.807816
2022-08-22	Western Europe	76.73418	80.794426	72.33712
2022-08-23	Western Europe	75.002975	78.945076	70.70248
2022-08-24	Western Europe	73.13572	77.00558	68.86619
2022-08-25	Western Europe	71.132576	74.90947	66.83681
2022-08-26	Western Europe	68.91294	72.56802	64.670876
2022-08-27	Western Europe	66.53578	70.074196	62.409676
2022-08-28	Western Europe	64.03465	67.46962	60.061546
2022-08-29	Western Europe	61.483543	64.82874	57.651596
2022-08-30	Western Europe	58.95339	62.16387	55.209335
2022-08-31	Western Europe	56.37381	59.48227	52.76357
2022-09-01	Western Europe	53.84146	56.786446	50.341454
2022-09-02	Western Europe	51.341347	54.149536	47.967823
2022-09-03	Western Europe	48.929043	51.680305	45.66457
2022-09-04	Western Europe	46.586716	49.267124	43.45024
2022-09-05	Western Europe	44.405483	46.976364	41.363724
2022-09-06	Western Europe	42.279808	44.79741	39.414948
2022-09-07	Western Europe	40.271225	42.73172	37.582714
2022-09-08	Western Europe	38.40826	40.796875	35.870102
2022-09-09	Western Europe	36.70636	39.027927	34.239906
2022-09-10	Western Europe	35.117325	37.400223	32.7458
2022-09-11	Western Europe	33.65158	35.874645	31.3923
2022-09-12	Western Europe	32.3071	34.493484	30.151093
2022-09-13	Western Europe	31.086483	33.226715	28.996517
2022-09-14	Western Europe	29.967592	32.054905	27.939182
2022-09-15	Western Europe	28.934464	30.975515	26.969997
2022-09-16	Western Europe	27.989494	29.982471	26.07902
2022-09-17	Western Europe	27.131119	29.03022	25.253218
2022-09-18	Western Europe	26.311707	28.111393	24.479322
2022-09-19	Western Europe	25.55104	27.288769	23.746248
2022-09-20	Western Europe	24.810272	26.54194	23.04881
2022-09-21	Western Europe	24.095123	25.795227	22.378635
2022-09-22	Western Europe	23.408552	25.032389	21.73333
2022-09-23	Western Europe	22.74466	24.278454	21.116293
2022-09-24	Western Europe	22.08617	23.532923	20.490881
2022-09-25	Western Europe	21.403824	22.792807	19.869755
2022-09-26	Western Europe	20.72466	22.054897	19.251163
2022-09-27	Western Europe	20.055656	21.325521	18.634262
2022-09-28	Western Europe	19.381947	20.629017	18.02797
2022-09-29	Western Europe	18.721373	19.902504	17.420835
2022-09-30	Western Europe	18.060375	19.209341	16.813643
2022-10-01	Western Europe	17.404875	18.527674	16.192507
2022-10-02	Western Europe	16.74799	17.847546	15.56595
2022-10-03	Western Europe	16.094984	17.171743	14.946768
2022-10-04	Western Europe	15.454329	16.499212	14.337469
2022-10-05	Western Europe	14.825129	15.837421	13.750614
2022-10-06	Western Europe	14.207262	15.190946	13.187682
2022-10-07	Western Europe	13.609764	14.562711	12.640779
2022-10-08	Western Europe	13.024496	13.955132	12.111998
2022-10-09	Western Europe	12.460697	13.366852	11.60334
2022-10-10	Western Europe	11.930607	12.783008	11.107853
2022-10-11	Western Europe	11.421183	12.227147	10.626173
2022-10-12	Western Europe	10.940014	11.719809	10.156481
2022-10-13	Western Europe	10.4833355	11.240536	9.721708
2022-10-14	Western Europe	10.0557575	10.789336	9.324019
2022-10-15	Western Europe	9.657368	10.368156	8.951579
2022-10-16	Western Europe	9.28726	9.979588	8.606058
2022-10-17	Western Europe	8.942459	9.606216	8.28466
2022-10-18	Western Europe	8.622175	9.262327	7.986116
2022-10-19	Western Europe	8.313726	8.939244	7.6960807
2022-10-20	Western Europe	8.020737	8.645215	7.417385
2022-10-21	Western Europe	7.7623453	8.372203	7.178631
2022-10-22	Western Europe	7.526535	8.127646	6.94595
2022-10-23	Western Europe	7.2983894	7.8955464	6.739952
2022-10-24	Western Europe	7.079372	7.6532164	6.5473137
2022-10-25	Western Europe	6.878753	7.4400616	6.3663993
2022-10-26	Western Europe	6.688223	7.2498045	6.1956377
2022-10-27	Western Europe	6.5037065	7.068396	6.0294046
2022-10-28	Western Europe	6.323574	6.887879	5.8610086
2022-10-29	Western Europe	6.155203	6.7057185	5.7081842
2022-10-30	Western Europe	6.001064	6.531611	5.562202
2022-10-31	Western Europe	5.847686	6.373084	5.4207735
2022-11-01	Western Europe	5.6972885	6.207988	5.2839127
2022-11-02	Western Europe	5.5478144	6.0509286	5.1486354
2022-11-03	Western Europe	5.403728	5.9026065	5.001757
2022-11-04	Western Europe	5.26722	5.7511673	4.857663
2022-11-05	Western Europe	5.1294537	5.598199	4.725717
2022-11-06	Western Europe	4.992935	5.4543767	4.5997047
2022-11-07	Western Europe	4.8590164	5.3122625	4.474007
2022-11-08	Western Europe	4.7226133	5.1720157	4.3435106
2022-11-09	Western Europe	4.5924997	5.033215	4.2242875
2022-11-10	Western Europe	4.46548	4.891521	4.096977
2022-11-11	Western Europe	4.3405538	4.7584968	3.9782891
2022-11-12	Western Europe	4.216258	4.629612	3.8637443
2022-11-13	Western Europe	4.0973053	4.504254	3.7489693
2022-11-14	Western Europe	3.9761877	4.3827944	3.633309
2022-11-15	Western Europe	3.865089	4.2655816	3.5304182
2022-11-16	Western Europe	3.7596302	4.152596	3.4256725
2022-11-17	Western Europe	3.655452	4.0356374	3.3256733
2022-11-18	Western Europe	3.554616	3.916815	3.2241933
2022-11-19	Western Europe	3.4607484	3.803794	3.1358535
2022-11-20	Western Europe	3.3723507	3.7024703	3.0522068
2022-11-21	Western Europe	3.288445	3.6124933	2.976522
2022-11-22	Western Europe	3.2056763	3.527658	2.9059582
2022-11-23	Western Europe	3.130107	3.4478521	2.8396573
2022-11-24	Western Europe	3.0612736	3.3729095	2.7742567
2022-11-25	Western Europe	2.9933677	3.3026133	2.7098076
2022-11-26	Western Europe	2.9289458	3.236702	2.6541328
2022-11-27	Western Europe	2.8700764	3.1783764	2.6019475
2022-11-28	Western Europe	2.8174992	3.124353	2.552978
2022-11-29	Western Europe	2.7697701	3.073639	2.5077033
2022-11-30	Western Europe	2.721749	3.0258696	2.4609888
2022-12-01	Western Europe	2.679564	2.9806771	2.4127867
2022-12-02	Western Europe	2.6360795	2.9376955	2.366859
2022-12-03	Western Europe	2.591076	2.8961425	2.322911
2022-12-04	Western Europe	2.5520062	2.8557312	2.2838001
2022-12-05	Western Europe	2.5153704	2.816553	2.2419817
2022-12-06	Western Europe	2.4776194	2.7783287	2.2013912
2022-12-07	Western Europe	2.4405618	2.7399585	2.1618257
2022-12-08	Western Europe	2.4016447	2.695983	2.12311
2022-12-09	Western Europe	2.367033	2.6580534	2.0880237
2022-12-10	Western Europe	2.332714	2.6222293	2.0523176
2022-12-11	Western Europe	2.2989082	2.5865505	2.0184937
2022-12-12	Western Europe	2.2651181	2.5509553	1.9821253
2022-12-13	Western Europe	2.2314305	2.5154176	1.9461664
2022-12-14	Western Europe	2.197441	2.4799426	1.9106121
2022-12-15	Western Europe	2.1627035	2.4445634	1.8754787
2022-12-16	Western Europe	2.1281762	2.409338	1.8441602
2022-12-17	Western Europe	2.0939229	2.3743424	1.8120148
2022-12-18	Western Europe	2.0600202	2.3396692	1.7791941
2022-12-19	Western Europe	2.0256333	2.3054185	1.747
2022-12-20	Western Europe	1.9892943	2.2716966	1.7154989
2022-12-21	Western Europe	1.9542809	2.2386098	1.6847589
2022-12-22	Western Europe	1.923526	2.2062593	1.6548436
2022-12-23	Western Europe	1.8933876	2.1747375	1.6258129
2022-12-24	Western Europe	1.8642457	2.144127	1.5977167
2022-12-25	Western Europe	1.8361589	2.114493	1.5705965
2022-12-26	Western Europe	1.8092418	2.0858839	1.5444806
2022-12-27	Western Europe	1.7823205	2.0583293	1.5193844
2022-12-28	Western Europe	1.7559702	2.0318387	1.4953108
2022-12-29	Western Europe	1.7302008	2.0064006	1.4720052
2022-12-30	Western Europe	1.7063214	1.981982	1.4491825
2022-12-31	Western Europe	1.682394	1.958035	1.4274329
2023-01-01	Western Europe	1.6593475	1.9345791	1.406563
2023-01-02	Western Europe	1.6389098	1.9118981	1.3865104
2023-01-03	Western Europe	1.6182358	1.8898917	1.3672031
2023-01-04	Western Europe	1.5978272	1.8684486	1.349171
2023-01-05	Western Europe	1.579235	1.8474511	1.3324442
2023-01-06	Western Europe	1.5618346	1.8267752	1.3142147
2023-01-07	Western Europe	1.5444853	1.8062975	1.2958281
2023-01-08	Western Europe	1.5264316	1.7857301	1.2782661
2023-01-09	Western Europe	1.5073733	1.7650343	1.2612902
2023-01-10	Western Europe	1.4866757	1.7441856	1.2437159
2023-01-11	Western Europe	1.4664503	1.723084	1.2261313
2023-01-12	Western Europe	1.4469814	1.7016424	1.2074603
2023-01-13	Western Europe	1.4282387	1.6799272	1.1891596
2023-01-14	Western Europe	1.410332	1.6587706	1.1725348
2023-01-15	Western Europe	1.392036	1.6371167	1.1556494
2023-01-16	Western Europe	1.3731313	1.6136167	1.1382453
2023-01-17	Western Europe	1.353227	1.589217	1.120365
2023-01-18	Western Europe	1.3326554	1.5642878	1.1027519
2023-01-19	Western Europe	1.3115954	1.5388438	1.0853161
2023-01-20	Western Europe	1.2898821	1.5130981	1.0669144
2023-01-21	Western Europe	1.267941	1.4872237	1.0483474
2023-01-22	Western Europe	1.2462928	1.461796	1.0307506
2023-01-23	Western Europe	1.2244191	1.4373137	1.0130818
2023-01-24	Western Europe	1.2021778	1.4124033	0.99532616
2023-01-25	Western Europe	1.1794662	1.3871229	0.9775111
2023-01-26	Western Europe	1.1569428	1.3616161	0.9597568
2022-06-03	North America	5.234415	5.7033854	4.9950204
2022-06-04	North America	5.4157495	5.9009686	5.16805
2022-06-05	North America	5.536744	6.032409	5.2781773
2022-06-06	North America	5.3620653	5.7822165	5.0947556
2022-06-07	North America	5.3605366	5.7369156	5.0445185
2022-06-08	North America	5.8836937	6.30123	5.5326753
2022-06-09	North America	6.684659	7.152098	6.2942586
2022-06-10	North America	7.600501	8.115948	7.165858
2022-06-11	North America	8.579012	9.143041	8.099865
2022-06-12	North America	9.609932	10.221008	9.084966
2022-06-13	North America	10.688927	11.351607	10.118075
2022-06-14	North America	11.81824	12.529753	11.198107
2022-06-15	North America	12.989209	13.754976	12.325217
2022-06-16	North America	14.213005	15.02866	13.50062
2022-06-17	North America	15.491073	16.353388	14.726732
2022-06-18	North America	16.818233	17.733263	16.00733
2022-06-19	North America	18.205528	19.174002	17.348095
2022-06-20	North America	19.660023	20.683008	18.773773
2022-06-21	North America	21.180096	22.269272	20.27925
2022-06-22	North America	22.791523	23.943098	21.868078
2022-06-23	North America	24.502844	25.708939	23.537724
2022-06-24	North America	26.31497	27.582125	25.30497
2022-06-25	North America	28.235256	29.580591	27.199589
2022-06-26	North America	30.28434	31.722082	29.221727
2022-06-27	North America	32.46629	33.992893	31.356787
2022-06-28	North America	34.784782	36.391125	33.64585
2022-06-29	North America	37.236824	38.950893	36.059605
2022-06-30	North America	39.845245	41.646534	38.60396
2022-07-01	North America	42.589283	44.48114	41.287727
2022-07-02	North America	45.493206	47.467537	44.11039
2022-07-03	North America	48.572063	50.640907	47.094784
2022-07-04	North America	51.876602	54.078247	50.299046
2022-07-05	North America	55.464752	57.800148	53.71654
2022-07-06	North America	59.31637	61.831146	57.47736
2022-07-07	North America	63.5673	66.21051	61.646378
2022-07-08	North America	68.2741	71.132286	66.17337
2022-07-09	North America	73.577225	76.59678	71.28318
2022-07-10	North America	79.450356	82.69627	77.024635
2022-07-11	North America	86.02508	89.658554	83.42923
2022-07-12	North America	93.28309	97.41223	90.55061
2022-07-13	North America	101.2772	105.8033	98.38521
2022-07-14	North America	109.97696	114.88783	106.928474
2022-07-15	North America	119.38307	124.60856	116.188995
2022-07-16	North America	129.48633	134.96414	126.07689
2022-07-17	North America	140.28883	146.00229	136.6191
2022-07-18	North America	151.5839	157.48694	147.79105
2022-07-19	North America	163.30995	169.49202	159.3751
2022-07-20	North America	175.50415	181.88002	171.30534
2022-07-21	North America	187.97295	194.56914	183.4359
2022-07-22	North America	200.62448	207.47363	195.9216
2022-07-23	North America	213.47601	220.66754	208.69257
2022-07-24	North America	226.32898	233.76715	221.24661
2022-07-25	North America	239.30353	246.85742	233.99571
2022-07-26	North America	252.22754	259.994	246.73637
2022-07-27	North America	264.9532	273.06796	259.32077
2022-07-28	North America	277.5808	285.9709	271.6331
2022-07-29	North America	290.14694	298.73718	283.7532
2022-07-30	North America	302.60486	311.49213	295.76807
2022-07-31	North America	314.99786	324.0483	307.8334
2022-08-01	North America	327.24655	336.29764	319.7928
2022-08-02	North America	339.50702	348.66443	331.84048
2022-08-03	North America	351.77393	360.94177	343.76
2022-08-04	North America	364.06738	373.11554	355.44598
2022-08-05	North America	376.3703	385.77347	367.4074
2022-08-06	North America	388.4707	398.62442	379.331
2022-08-07	North America	400.8169	411.46555	391.40118
2022-08-08	North America	413.41022	424.9154	403.55835
2022-08-09	North America	426.41592	438.6941	415.95267
2022-08-10	North America	439.72455	452.4489	428.6101
2022-08-11	North America	453.3051	466.41364	441.8169
2022-08-12	North America	467.20737	480.7546	454.72556
2022-08-13	North America	481.1805	495.24225	467.70966
2022-08-14	North America	495.06006	509.97827	481.03003
2022-08-15	North America	508.81244	524.3271	494.50464
2022-08-16	North America	522.2444	538.0652	507.28543
2022-08-17	North America	535.0254	551.1398	519.58344
2022-08-18	North America	547.1323	563.7638	531.10516
2022-08-19	North America	558.61096	575.73364	542.01135
2022-08-20	North America	569.3159	586.70264	552.07806
2022-08-21	North America	578.68567	596.4589	560.7975
2022-08-22	North America	586.8008	604.685	568.21765
2022-08-23	North America	593.2633	611.76807	574.53955
2022-08-24	North America	597.9248	616.44727	579.5171
2022-08-25	North America	601.24243	619.8949	583.18054
2022-08-26	North America	602.8362	622.0225	584.9453
2022-08-27	North America	603.14417	622.5084	585.1404
2022-08-28	North America	601.8108	621.3947	583.8461
2022-08-29	North America	598.977	618.7504	581.2184
2022-08-30	North America	594.7433	614.6683	577.2948
2022-08-31	North America	589.3189	609.16156	572.1136
2022-09-01	North America	582.8899	602.38776	565.8064
2022-09-02	North America	575.44336	594.58093	558.49365
2022-09-03	North America	567.02545	586.00714	550.3018
2022-09-04	North America	557.9343	576.496	541.3588
2022-09-05	North America	548.25745	566.3984	531.7905
2022-09-06	North America	538.087	555.80835	521.7416
2022-09-07	North America	527.4728	544.79816	511.43588
2022-09-08	North America	516.5679	533.4938	500.71
2022-09-09	North America	505.46484	522.02136	489.74554
2022-09-10	North America	494.15146	510.47955	478.66748
2022-09-11	North America	482.78693	498.793	467.52924
2022-09-12	North America	471.27435	487.1457	456.37054
2022-09-13	North America	459.8515	475.45407	445.17108
2022-09-14	North America	448.51282	463.67905	433.99167
2022-09-15	North America	437.26196	452.01727	422.84927
2022-09-16	North America	426.04138	440.41205	411.74542
2022-09-17	North America	414.84918	428.87433	400.6774
2022-09-18	North America	403.6293	417.34427	389.64005
2022-09-19	North America	392.43536	405.80197	378.6276
2022-09-20	North America	381.3203	394.1331	367.63528
2022-09-21	North America	370.16666	382.4501	356.75217
2022-09-22	North America	358.9332	371.0362	345.92007
2022-09-23	North America	347.57434	359.36783	335.13623
2022-09-24	North America	336.19208	347.66962	324.31296
2022-09-25	North America	324.9301	336.00247	313.65308
2022-09-26	North America	313.84387	324.38757	302.80884
2022-09-27	North America	302.75928	312.9315	292.21805
2022-09-28	North America	291.83002	301.59857	281.85202
2022-09-29	North America	280.9148	290.51816	271.6271
2022-09-30	North America	270.16025	279.5375	261.44342
2022-10-01	North America	259.60968	268.709	251.38739
2022-10-02	North America	249.28195	258.05023	241.31361
2022-10-03	North America	239.30939	247.64279	231.48306
2022-10-04	North America	229.58191	237.6082	221.93427
2022-10-05	North America	220.21031	227.94934	212.85092
2022-10-06	North America	211.10281	218.4679	203.96004
2022-10-07	North America	202.3065	209.39166	195.36429
2022-10-08	North America	193.88422	200.6768	187.26198
2022-10-09	North America	185.81802	192.32057	179.55634
2022-10-10	North America	178.08008	184.33728	172.0356
2022-10-11	North America	170.68347	176.71965	164.85551
2022-10-12	North America	163.65784	169.45042	158.04758
2022-10-13	North America	157.01132	162.56775	151.60413
2022-10-14	North America	150.77493	156.10857	145.51434
2022-10-15	North America	144.89336	150.05403	139.76817
2022-10-16	North America	139.36014	144.37589	134.37964
2022-10-17	North America	134.18759	139.01698	129.33318
2022-10-18	North America	129.30768	133.97443	124.6419
2022-10-19	North America	124.741844	129.24553	120.25051
2022-10-20	North America	120.42976	124.734825	116.13223
2022-10-21	North America	116.396706	120.54316	112.26958
2022-10-22	North America	112.61861	116.72111	108.649124
2022-10-23	North America	109.09209	113.0661	105.24101
2022-10-24	North America	105.76079	109.599106	101.991035
2022-10-25	North America	102.580605	106.31888	98.84222
2022-10-26	North America	99.57092	103.21277	95.87029
2022-10-27	North America	96.71672	100.29837	93.05658
2022-10-28	North America	93.97429	97.50275	90.40341
2022-10-29	North America	91.373886	94.80595	87.9352
2022-10-30	North America	88.92868	92.2482	85.50975
2022-10-31	North America	86.6024	89.812004	83.20324
2022-11-01	North America	84.36594	87.47864	81.02388
2022-11-02	North America	82.193146	85.240654	78.93534
2022-11-03	North America	80.11377	83.09176	76.9317
2022-11-04	North America	78.1308	81.015755	75.0149
2022-11-05	North America	76.22638	79.017	73.173706
2022-11-06	North America	74.42842	77.131935	71.404816
2022-11-07	North America	72.65825	75.30724	69.705666
2022-11-08	North America	70.931076	73.55627	68.07433
2022-11-09	North America	69.305664	71.88139	66.478424
2022-11-10	North America	67.76334	70.271385	64.98493
2022-11-11	North America	66.27548	68.75373	63.44516
2022-11-12	North America	64.851	67.29309	62.06125
2022-11-13	North America	63.487556	65.860054	60.719116
2022-11-14	North America	62.209587	64.5352	59.42283
2022-11-15	North America	60.990314	63.29181	58.20206
2022-11-16	North America	59.82206	62.112804	57.07987
2022-11-17	North America	58.7024	60.999954	56.006687
2022-11-18	North America	57.632927	59.934723	54.99838
2022-11-19	North America	56.611877	58.92132	54.101204
2022-11-20	North America	55.682262	57.953808	53.232594
2022-11-21	North America	54.79004	57.09307	52.39927
2022-11-22	North America	53.94072	56.27388	51.576942
2022-11-23	North America	53.172413	55.511868	50.810898
2022-11-24	North America	52.514828	54.84208	50.143005
2022-11-25	North America	51.877747	54.212013	49.521286
2022-11-26	North America	51.27459	53.568424	48.94677
2022-11-27	North America	50.72488	53.018555	48.420654
2022-11-28	North America	50.205276	52.51162	47.921074
2022-11-29	North America	49.73667	52.037483	47.45381
2022-11-30	North America	49.30974	51.59422	47.01613
2022-12-01	North America	48.879898	51.177345	46.593975
2022-12-02	North America	48.49862	50.782448	46.16504
2022-12-03	North America	48.141876	50.377686	45.7539
2022-12-04	North America	47.798187	49.982758	45.361137
2022-12-05	North America	47.463676	49.596916	44.97868
2022-12-06	North America	47.126717	49.216404	44.60794
2022-12-07	North America	46.771862	48.83773	44.27072
2022-12-08	North America	46.433487	48.485878	43.93297
2022-12-09	North America	46.09586	48.14246	43.54608
2022-12-10	North America	45.725273	47.79167	43.153294
2022-12-11	North America	45.345085	47.431053	42.752754
2022-12-12	North America	44.94972	47.06478	42.34856
2022-12-13	North America	44.522354	46.691116	41.92664
2022-12-14	North America	44.08111	46.301933	41.51375
2022-12-15	North America	43.651695	45.892742	41.045982
2022-12-16	North America	43.22766	45.402596	40.57961
2022-12-17	North America	42.786026	44.946804	40.124325
2022-12-18	North America	42.32439	44.47236	39.704967
2022-12-19	North America	41.846138	43.980976	39.188354
2022-12-20	North America	41.348732	43.46863	38.644066
2022-12-21	North America	40.83178	42.932064	38.083836
2022-12-22	North America	40.278603	42.374367	37.507553
2022-12-23	North America	39.691887	41.79033	36.91513
2022-12-24	North America	39.088783	41.177597	36.316788
2022-12-25	North America	38.46582	40.543083	35.70951
2022-12-26	North America	37.847298	39.886196	35.0839
2022-12-27	North America	37.20617	39.206253	34.43953
2022-12-28	North America	36.528862	38.502506	33.77588
2022-12-29	North America	35.82295	37.78536	33.092453
2022-12-30	North America	35.092613	37.045334	32.388695
2022-12-31	North America	34.34693	36.277798	31.664087
2023-01-01	North America	33.57906	35.482098	30.918165
2023-01-02	North America	32.771362	34.657677	30.150547
2023-01-03	North America	31.950119	33.80397	29.361004
2023-01-04	North America	31.102394	32.9203	28.549461
2023-01-05	North America	30.219492	32.00272	27.716103
2023-01-06	North America	29.303549	31.066467	26.861345
2023-01-07	North America	28.378668	30.099539	25.985914
2023-01-08	North America	27.429504	29.099026	25.090862
2023-01-09	North America	26.457598	28.073477	24.177574
2023-01-10	North America	25.462524	27.024935	23.247793
2023-01-11	North America	24.443922	25.955902	22.304773
2023-01-12	North America	23.41077	24.86928	21.34574
2023-01-13	North America	22.363586	23.780571	20.377645
2023-01-14	North America	21.30428	22.681185	19.401348
2023-01-15	North America	20.24704	21.574604	18.421741
2023-01-16	North America	19.18887	20.46492	17.443607
2023-01-17	North America	18.133785	19.35327	16.474794
2023-01-18	North America	17.085884	18.250221	15.514159
2023-01-19	North America	16.043371	17.151089	14.560098
2023-01-20	North America	15.016672	16.06161	13.62206
2023-01-21	North America	14.0122385	14.995974	12.703558
2023-01-22	North America	13.034159	13.956362	11.809573
2023-01-23	North America	12.082846	12.943899	10.941435
2023-01-24	North America	11.161623	11.962148	10.102472
2023-01-25	North America	10.273502	11.016691	9.297343
2023-01-26	North America	9.423305	10.109895	8.525671
2022-06-25	South America	5.7824955	6.1144786	5.505019
2022-06-26	South America	5.983054	6.3265533	5.69596
2022-06-27	South America	6.2934504	6.6541944	5.990694
2022-06-28	South America	7.4620056	7.7991157	6.9392314
2022-06-29	South America	8.765428	9.160088	8.064292
2022-06-30	South America	9.594143	10.03231	8.805945
2022-07-01	South America	10.119776	10.579392	9.30191
2022-07-02	South America	10.517017	10.988986	9.692699
2022-07-03	South America	10.849042	11.32843	10.027053
2022-07-04	South America	11.1421	11.623382	10.317264
2022-07-05	South America	11.386103	11.865704	10.571087
2022-07-06	South America	11.593769	12.0891695	10.794571
2022-07-07	South America	11.772614	12.276886	10.993652
2022-07-08	South America	11.940166	12.443067	11.17548
2022-07-09	South America	12.10001	12.594826	11.346746
2022-07-10	South America	12.249617	12.735294	11.5118475
2022-07-11	South America	12.397695	12.874269	11.676815
2022-07-12	South America	12.554159	13.018969	11.8476095
2022-07-13	South America	12.713701	13.176451	12.030063
2022-07-14	South America	12.897617	13.354284	12.232848
2022-07-15	South America	13.094435	13.571144	12.465916
2022-07-16	South America	13.335994	13.808145	12.718877
2022-07-17	South America	13.608465	14.08529	12.987428
2022-07-18	South America	13.913345	14.408607	13.295902
2022-07-19	South America	14.262643	14.777765	13.657559
2022-07-20	South America	14.67231	15.193916	14.064289
2022-07-21	South America	15.134996	15.670959	14.521294
2022-07-22	South America	15.669155	16.219994	15.033622
2022-07-23	South America	16.281845	16.841162	15.6261215
2022-07-24	South America	16.979305	17.541838	16.297028
2022-07-25	South America	17.758263	18.34886	17.067762
2022-07-26	South America	18.634275	19.243792	17.886312
2022-07-27	South America	19.61811	20.246824	18.798794
2022-07-28	South America	20.670925	21.36954	19.781544
2022-07-29	South America	21.798157	22.533415	20.802227
2022-07-30	South America	22.992085	23.756695	21.877493
2022-07-31	South America	24.198133	25.018124	23.008179
2022-08-01	South America	25.420998	26.300613	24.15353
2022-08-02	South America	26.65149	27.57409	25.28279
2022-08-03	South America	27.84731	28.816483	26.417084
2022-08-04	South America	28.995438	30.019098	27.51275
2022-08-05	South America	30.078674	31.152102	28.538595
2022-08-06	South America	31.087833	32.205135	29.506847
2022-08-07	South America	31.996946	33.168312	30.409645
2022-08-08	South America	32.827248	34.03867	31.25019
2022-08-09	South America	33.579567	34.810406	32.001472
2022-08-10	South America	34.25536	35.486233	32.692986
2022-08-11	South America	34.830902	36.09789	33.32001
2022-08-12	South America	35.348114	36.65375	33.844704
2022-08-13	South America	35.814964	37.11953	34.35521
2022-08-14	South America	36.24879	37.5918	34.77244
2022-08-15	South America	36.644142	38.011703	35.18844
2022-08-16	South America	37.038124	38.395817	35.601833
2022-08-17	South America	37.4371	38.83717	36.07769
2022-08-18	South America	37.83716	39.28403	36.51412
2022-08-19	South America	38.279	39.763554	37.044853
2022-08-20	South America	38.765404	40.282387	37.517723
2022-08-21	South America	39.30204	40.863514	38.097385
2022-08-22	South America	39.931107	41.491512	38.71527
2022-08-23	South America	40.65255	42.29098	39.430515
2022-08-24	South America	41.46677	43.134808	40.22929
2022-08-25	South America	42.33436	44.069736	41.1056
2022-08-26	South America	43.301094	45.09935	42.060135
2022-08-27	South America	44.36764	46.220142	43.098225
2022-08-28	South America	45.506897	47.470226	44.203842
2022-08-29	South America	46.736225	48.79683	45.399624
2022-08-30	South America	48.043	50.13492	46.61195
2022-08-31	South America	49.39043	51.56405	47.836945
2022-09-01	South America	50.73818	52.93583	49.102962
2022-09-02	South America	52.102913	54.384247	50.38455
2022-09-03	South America	53.43386	55.816124	51.69394
2022-09-04	South America	54.7483	57.17745	52.948654
2022-09-05	South America	55.992245	58.472477	54.08281
2022-09-06	South America	57.14003	59.690998	55.173904
2022-09-07	South America	58.189163	60.80924	56.238575
2022-09-08	South America	59.114693	61.816444	57.177197
2022-09-09	South America	59.918427	62.698704	57.968452
2022-09-10	South America	60.620987	63.452152	58.652855
2022-09-11	South America	61.2044	64.07453	59.228474
2022-09-12	South America	61.686134	64.56752	59.69654
2022-09-13	South America	62.05902	64.93191	60.038036
2022-09-14	South America	62.311783	65.1787	60.227394
2022-09-15	South America	62.451027	65.34817	60.324116
2022-09-16	South America	62.477222	65.456436	60.347622
2022-09-17	South America	62.41961	65.44931	60.317688
2022-09-18	South America	62.434887	65.378105	60.294964
2022-09-19	South America	62.30535	65.25399	60.19162
2022-09-20	South America	62.151287	65.09866	60.09198
2022-09-21	South America	62.01991	64.96041	59.955933
2022-09-22	South America	61.92684	64.7807	59.82304
2022-09-23	South America	61.8072	64.64603	59.724987
2022-09-24	South America	61.71037	64.547295	59.633934
2022-09-25	South America	61.65638	64.48004	59.612965
2022-09-26	South America	61.624832	64.4493	59.595158
2022-09-27	South America	61.6314	64.460045	59.61716
2022-09-28	South America	61.68663	64.51167	59.65721
2022-09-29	South America	61.800407	64.599396	59.69514
2022-09-30	South America	61.952343	64.71929	59.765816
2022-10-01	South America	62.128582	64.86363	59.9046
2022-10-02	South America	62.310593	65.10359	60.06691
2022-10-03	South America	62.48948	65.37128	60.197376
2022-10-04	South America	62.667908	65.53075	60.32727
2022-10-05	South America	62.823532	65.678246	60.48238
2022-10-06	South America	62.955383	65.86497	60.55329
2022-10-07	South America	63.005978	65.941895	60.58777
2022-10-08	South America	63.025562	66.01102	60.622944
2022-10-09	South America	62.988457	65.927124	60.574654
2022-10-10	South America	62.86214	65.79936	60.49566
2022-10-11	South America	62.686695	65.67701	60.346077
2022-10-12	South America	62.450935	65.35893	60.122036
2022-10-13	South America	62.117107	64.95445	59.82151
2022-10-14	South America	61.715195	64.46487	59.444424
2022-10-15	South America	61.234432	63.986626	58.992496
2022-10-16	South America	60.68889	63.433456	58.427166
2022-10-17	South America	60.07859	62.806072	57.75341
2022-10-18	South America	59.411148	62.097946	57.014008
2022-10-19	South America	58.677383	61.32727	56.21157
2022-10-20	South America	57.876358	60.448093	55.3673
2022-10-21	South America	57.012596	59.60245	54.487442
2022-10-22	South America	56.124714	58.68833	53.609016
2022-10-23	South America	55.208733	57.72903	52.755295
2022-10-24	South America	54.288853	56.758633	51.89847
2022-10-25	South America	53.382423	55.779366	51.06444
2022-10-26	South America	52.464417	54.824852	50.178936
2022-10-27	South America	51.592545	53.93483	49.262268
2022-10-28	South America	50.757675	53.040897	48.368607
2022-10-29	South America	49.92906	52.158653	47.550117
2022-10-30	South America	49.100174	51.327763	46.744232
2022-10-31	South America	48.307224	50.526104	45.91073
2022-11-01	South America	47.53651	49.754097	45.103695
2022-11-02	South America	46.792618	49.01097	44.322487
2022-11-03	South America	46.06002	48.294888	43.56567
2022-11-04	South America	45.345474	47.59536	42.84064
2022-11-05	South America	44.655617	46.872124	42.173973
2022-11-06	South America	43.988365	46.17598	41.51982
2022-11-07	South America	43.34555	45.531914	40.874954
2022-11-08	South America	42.7182	44.835377	40.23655
2022-11-09	South America	42.063812	44.114964	39.60176
2022-11-10	South America	41.4196	43.404835	38.973465
2022-11-11	South America	40.758476	42.691154	38.301083
2022-11-12	South America	40.048077	41.95782	37.621284
2022-11-13	South America	39.348244	41.281197	36.963013
2022-11-14	South America	38.666206	40.59279	36.330345
2022-11-15	South America	37.951675	39.89133	35.69114
2022-11-16	South America	37.23168	39.176193	35.039562
2022-11-17	South America	36.52678	38.447384	34.374935
2022-11-18	South America	35.7914	37.705505	33.64559
2022-11-19	South America	35.04458	36.95167	32.90951
2022-11-20	South America	34.296474	36.1875	32.193558
2022-11-21	South America	33.541885	35.415	31.484879
2022-11-22	South America	32.783005	34.63593	30.774332
2022-11-23	South America	32.020233	33.85028	30.043776
2022-11-24	South America	31.26685	33.06409	29.30961
2022-11-25	South America	30.508266	32.27967	28.579266
2022-11-26	South America	29.759632	31.499222	27.855177
2022-11-27	South America	29.0196	30.71009	27.14114
2022-11-28	South America	28.29743	29.949429	26.44657
2022-11-29	South America	27.588116	29.194017	25.76398
2022-11-30	South America	26.87913	28.445099	25.095102
2022-12-01	South America	26.190575	27.711777	24.441368
2022-12-02	South America	25.525002	26.996153	23.803919
2022-12-03	South America	24.866833	26.29911	23.183575
2022-12-04	South America	24.225662	25.621181	22.58083
2022-12-05	South America	23.606594	24.962584	21.995901
2022-12-06	South America	23.015003	24.323246	21.428709
2022-12-07	South America	22.423044	23.725832	20.878925
2022-12-08	South America	21.860142	23.153654	20.346
2022-12-09	South America	21.31556	22.597881	19.824883
2022-12-10	South America	20.786045	22.057575	19.310247
2022-12-11	South America	20.262016	21.531702	18.810808
2022-12-12	South America	19.742374	21.019135	18.333935
2022-12-13	South America	19.238651	20.508846	17.861155
2022-12-14	South America	18.768272	20.022978	17.396484
2022-12-15	South America	18.30328	19.547194	16.942955
2022-12-16	South America	17.855597	19.08041	16.499573
2022-12-17	South America	17.403795	18.621647	16.065601
2022-12-18	South America	16.970951	18.170052	15.643887
2022-12-19	South America	16.540405	17.724167	15.234905
2022-12-20	South America	16.111908	17.282806	14.832617
2022-12-21	South America	15.694006	16.846895	14.436611
2022-12-22	South America	15.281691	16.41619	14.0465975
2022-12-23	South America	14.874813	15.990574	13.662412
2022-12-24	South America	14.4678	15.570068	13.2839985
2022-12-25	South America	14.0638485	15.154812	12.911405
2022-12-26	South America	13.668802	14.739455	12.54479
2022-12-27	South America	13.284678	14.315217	12.184788
2022-12-28	South America	12.906567	13.897436	11.831199
2022-12-29	South America	12.535284	13.506283	11.477851
2022-12-30	South America	12.171175	13.113774	11.1321945
2022-12-31	South America	11.810453	12.721891	10.794484
2023-01-01	South America	11.457554	12.338647	10.464968
2023-01-02	South America	11.113856	11.9644	10.143862
2023-01-03	South America	10.780352	11.6034355	9.833331
2023-01-04	South America	10.454228	11.261257	9.536157
2023-01-05	South America	10.137437	10.928853	9.247436
2023-01-06	South America	9.8327465	10.605556	8.96725
2023-01-07	South America	9.537617	10.291414	8.694768
2023-01-08	South America	9.251601	9.986412	8.425592
2023-01-09	South America	8.9735565	9.691277	8.165183
2023-01-10	South America	8.703631	9.409142	7.913617
2023-01-11	South America	8.441547	9.136037	7.670891
2023-01-12	South America	8.18499	8.871716	7.436305
2023-01-13	South America	7.9367876	8.613805	7.209594
2023-01-14	South America	7.7018156	8.363679	6.990466
2023-01-15	South America	7.473173	8.121348	6.7811193
2023-01-16	South America	7.2499886	7.886444	6.5805306
2023-01-17	South America	7.03137	7.658593	6.3863096
2023-01-18	South America	6.8195963	7.4374194	6.198125
2023-01-19	South America	6.6166687	7.222276	6.01565
2023-01-20	South America	6.4176626	7.012616	5.837873
2023-01-21	South America	6.224698	6.8085737	5.66165
2023-01-22	South America	6.038569	6.609843	5.4903183
2023-01-23	South America	5.8599043	6.4161463	5.3236275
2023-01-24	South America	5.6814537	6.22524	5.1613507
2023-01-25	South America	5.50385	6.0375414	5.0032864
2023-01-26	South America	5.3341055	5.8541327	4.8492613
2022-05-17	Southern Europe	10.397486	11.023852	9.882925
2022-05-18	Southern Europe	10.7583	11.406358	10.225977
2022-05-19	Southern Europe	11.463281	12.157242	10.986835
2022-05-20	Southern Europe	14.741044	15.566341	14.03652
2022-05-21	Southern Europe	19.106041	20.03046	17.878952
2022-05-22	Southern Europe	22.28714	23.341145	20.767939
2022-05-23	Southern Europe	24.76682	25.929789	23.076
2022-05-24	Southern Europe	27.031353	28.267643	25.205927
2022-05-25	Southern Europe	29.194427	30.522402	27.272036
2022-05-26	Southern Europe	31.236057	32.71108	29.287952
2022-05-27	Southern Europe	33.24861	34.842125	31.253323
2022-05-28	Southern Europe	35.259655	36.90839	33.16714
2022-05-29	Southern Europe	37.229263	38.884052	35.031242
2022-05-30	Southern Europe	39.076965	40.829285	36.850525
2022-05-31	Southern Europe	40.918762	42.796993	38.632774
2022-06-01	Southern Europe	42.67788	44.67334	40.38848
2022-06-02	Southern Europe	44.49388	46.51764	42.13065
2022-06-03	Southern Europe	46.324055	48.354454	43.874462
2022-06-04	Southern Europe	48.15068	50.222195	45.636898
2022-06-05	Southern Europe	49.927307	52.121235	47.432648
2022-06-06	Southern Europe	51.794685	54.12389	49.26417
2022-06-07	Southern Europe	53.77665	56.155792	51.17361
2022-06-08	Southern Europe	55.91348	58.304077	53.186203
2022-06-09	Southern Europe	58.16284	60.62402	55.33298
2022-06-10	Southern Europe	60.580833	63.115223	57.65411
2022-06-11	Southern Europe	63.236702	65.87652	60.214954
2022-06-12	Southern Europe	66.19714	68.96899	63.067593
2022-06-13	Southern Europe	69.5477	72.43211	66.29148
2022-06-14	Southern Europe	73.378746	76.3796	69.975555
2022-06-15	Southern Europe	77.8313	80.94659	74.24256
2022-06-16	Southern Europe	83.017006	86.36016	79.17495
2022-06-17	Southern Europe	89.179565	92.538864	84.87509
2022-06-18	Southern Europe	96.24957	99.74439	91.40717
2022-06-19	Southern Europe	104.11005	108.12341	98.7947
2022-06-20	Southern Europe	112.85121	117.176094	107.020134
2022-06-21	Southern Europe	122.44327	127.29585	116.01944
2022-06-22	Southern Europe	132.69861	137.99893	125.683655
2022-06-23	Southern Europe	143.53879	149.35013	135.86562
2022-06-24	Southern Europe	154.94522	160.95935	146.38986
2022-06-25	Southern Europe	166.35645	172.75177	157.0647
2022-06-26	Southern Europe	177.53336	184.50714	167.71974
2022-06-27	Southern Europe	188.383	195.99321	178.17595
2022-06-28	Southern Europe	198.78302	206.9038	188.25258
2022-06-29	Southern Europe	208.50684	217.3859	197.80255
2022-06-30	Southern Europe	217.59254	227.22699	206.71225
2022-07-01	Southern Europe	225.77893	235.95103	214.90056
2022-07-02	Southern Europe	233.24033	243.51697	222.22673
2022-07-03	Southern Europe	240.00798	250.38736	228.84923
2022-07-04	Southern Europe	245.80289	256.50104	234.70773
2022-07-05	Southern Europe	250.60959	261.48718	239.79758
2022-07-06	Southern Europe	254.79477	265.86243	244.05057
2022-07-07	Southern Europe	258.40317	269.7657	247.60136
2022-07-08	Southern Europe	261.4605	272.77524	250.71173
2022-07-09	Southern Europe	264.20847	275.25256	253.3476
2022-07-10	Southern Europe	266.58463	277.9722	255.79347
2022-07-11	Southern Europe	268.87317	280.41608	258.1328
2022-07-12	Southern Europe	271.2162	282.7632	260.48276
2022-07-13	Southern Europe	273.8327	285.2715	262.96652
2022-07-14	Southern Europe	276.5145	288.06406	265.69553
2022-07-15	Southern Europe	279.49554	291.22665	268.79837
2022-07-16	Southern Europe	283.11838	295.17587	272.40668
2022-07-17	Southern Europe	287.25177	299.76135	276.46362
2022-07-18	Southern Europe	291.65695	304.7986	280.97855
2022-07-19	Southern Europe	296.55002	309.85736	285.61514
2022-07-20	Southern Europe	301.7735	315.23407	290.56305
2022-07-21	Southern Europe	307.2401	321.00714	295.9065
2022-07-22	Southern Europe	313.1447	327.2275	301.35907
2022-07-23	Southern Europe	318.90173	333.46008	306.92288
2022-07-24	Southern Europe	324.61154	339.46198	312.22906
2022-07-25	Southern Europe	329.8546	345.0431	317.09406
2022-07-26	Southern Europe	334.65167	350.0042	321.34714
2022-07-27	Southern Europe	338.51785	353.78012	325.18875
2022-07-28	Southern Europe	341.266	356.63986	327.99722
2022-07-29	Southern Europe	343.19598	358.4375	329.69955
2022-07-30	Southern Europe	344.13904	359.4181	330.53024
2022-07-31	Southern Europe	343.93518	359.17886	330.3923
2022-08-01	Southern Europe	342.4745	357.66772	328.61075
2022-08-02	Southern Europe	339.81473	354.88348	325.86618
2022-08-03	Southern Europe	335.90994	350.89655	321.95547
2022-08-04	Southern Europe	330.85907	345.7848	317.1767
2022-08-05	Southern Europe	324.5813	339.62408	311.31546
2022-08-06	Southern Europe	317.80554	332.4889	304.90125
2022-08-07	Southern Europe	310.35382	324.48303	297.9238
2022-08-08	Southern Europe	302.0624	315.92657	290.249
2022-08-09	Southern Europe	293.36902	306.68945	281.9366
2022-08-10	Southern Europe	284.34637	297.27917	273.2791
2022-08-11	Southern Europe	275.05103	287.79898	264.3115
2022-08-12	Southern Europe	265.79712	278.0598	255.30296
2022-08-13	Southern Europe	256.7291	268.28183	246.35791
2022-08-14	Southern Europe	247.7316	258.6751	237.53262
2022-08-15	Southern Europe	238.74374	249.32327	228.88179
2022-08-16	Southern Europe	229.9821	240.28851	220.46834
2022-08-17	Southern Europe	221.59947	231.75337	212.61435
2022-08-18	Southern Europe	213.70813	223.63101	205.01495
2022-08-19	Southern Europe	206.02963	215.90207	197.69696
2022-08-20	Southern Europe	198.76593	208.43416	190.7843
2022-08-21	Southern Europe	191.96283	201.17279	184.14267
2022-08-22	Southern Europe	185.34506	194.22293	177.76936
2022-08-23	Southern Europe	179.00577	187.56856	171.72609
2022-08-24	Southern Europe	172.8518	181.25713	165.78868
2022-08-25	Southern Europe	167.08105	175.2602	160.08867
2022-08-26	Southern Europe	161.43605	169.45137	154.75084
2022-08-27	Southern Europe	155.90962	163.6446	149.48239
2022-08-28	Southern Europe	150.46918	158.01056	144.27737
2022-08-29	Southern Europe	145.2612	152.55711	139.17294
2022-08-30	Southern Europe	140.17493	146.98843	134.14189
2022-08-31	Southern Europe	135.03314	141.49231	129.16739
2022-09-01	Southern Europe	129.88622	136.06139	124.25063
2022-09-02	Southern Europe	124.75566	130.67708	119.386734
2022-09-03	Southern Europe	119.78734	125.422966	114.57531
2022-09-04	Southern Europe	114.85246	120.27228	109.826935
2022-09-05	Southern Europe	109.95956	115.18253	105.14845
2022-09-06	Southern Europe	105.0771	110.106316	100.5421
2022-09-07	Southern Europe	100.36218	105.11953	96.0194
2022-09-08	Southern Europe	95.729004	100.308655	91.57873
2022-09-09	Southern Europe	91.20567	95.59682	87.26824
2022-09-10	Southern Europe	86.82282	91.02466	83.06837
2022-09-11	Southern Europe	82.55429	86.53568	79.018974
2022-09-12	Southern Europe	78.461044	82.18865	75.15797
2022-09-13	Southern Europe	74.52464	78.01164	71.440834
2022-09-14	Southern Europe	70.76343	74.01755	67.79387
2022-09-15	Southern Europe	67.195404	70.21513	64.31087
2022-09-16	Southern Europe	63.80067	66.61765	61.00533
2022-09-17	Southern Europe	60.60964	63.251347	57.891613
2022-09-18	Southern Europe	57.598717	60.10499	54.968624
2022-09-19	Southern Europe	54.73715	57.116974	52.24586
2022-09-20	Southern Europe	52.080193	54.342113	49.66323
2022-09-21	Southern Europe	49.621227	51.760143	47.293407
2022-09-22	Southern Europe	47.341995	49.36073	45.088306
2022-09-23	Southern Europe	45.181816	47.136345	43.040802
2022-09-24	Southern Europe	43.201515	45.080616	41.143646
2022-09-25	Southern Europe	41.36803	43.192284	39.391212
2022-09-26	Southern Europe	39.676186	41.40893	37.77348
2022-09-27	Southern Europe	38.116974	39.7958	36.28292
2022-09-28	Southern Europe	36.69121	38.313774	34.91114
2022-09-29	Southern Europe	35.382057	36.951176	33.623055
2022-09-30	Southern Europe	34.15399	35.713837	32.435528
2022-10-01	Southern Europe	33.02524	34.57569	31.365538
2022-10-02	Southern Europe	31.97842	33.49247	30.36495
2022-10-03	Southern Europe	31.021265	32.52431	29.44408
2022-10-04	Southern Europe	30.13492	31.627844	28.611868
2022-10-05	Southern Europe	29.306368	30.79494	27.837227
2022-10-06	Southern Europe	28.540047	30.018332	27.09819
2022-10-07	Southern Europe	27.818348	29.291893	26.391165
2022-10-08	Southern Europe	27.143911	28.612339	25.727026
2022-10-09	Southern Europe	26.523266	27.972004	25.101137
2022-10-10	Southern Europe	25.934044	27.357702	24.51199
2022-10-11	Southern Europe	25.370815	26.777372	23.954931
2022-10-12	Southern Europe	24.829067	26.218975	23.428265
2022-10-13	Southern Europe	24.300331	25.687317	22.934534
2022-10-14	Southern Europe	23.791393	25.171814	22.453743
2022-10-15	Southern Europe	23.320179	24.678005	21.998878
2022-10-16	Southern Europe	22.883797	24.206465	21.55146
2022-10-17	Southern Europe	22.46872	23.756989	21.144808
2022-10-18	Southern Europe	22.06797	23.335243	20.739035
2022-10-19	Southern Europe	21.674894	22.959778	20.355936
2022-10-20	Southern Europe	21.309275	22.596312	20.006662
2022-10-21	Southern Europe	20.97121	22.241463	19.699268
2022-10-22	Southern Europe	20.647377	21.908197	19.381292
2022-10-23	Southern Europe	20.355318	21.614916	19.089403
2022-10-24	Southern Europe	20.095732	21.349812	18.827934
2022-10-25	Southern Europe	19.86166	21.103252	18.59202
2022-10-26	Southern Europe	19.65382	20.887451	18.38174
2022-10-27	Southern Europe	19.46537	20.70959	18.197485
2022-10-28	Southern Europe	19.30003	20.565063	18.039055
2022-10-29	Southern Europe	19.169117	20.450039	17.905704
2022-10-30	Southern Europe	19.067463	20.353785	17.798628
2022-10-31	Southern Europe	18.98631	20.29403	17.706354
2022-11-01	Southern Europe	18.928318	20.262398	17.640755
2022-11-02	Southern Europe	18.91805	20.272064	17.601631
2022-11-03	Southern Europe	18.940523	20.307709	17.588606
2022-11-04	Southern Europe	18.980732	20.367338	17.601135
2022-11-05	Southern Europe	19.059284	20.45593	17.638494
2022-11-06	Southern Europe	19.15763	20.571926	17.69978
2022-11-07	Southern Europe	19.280243	20.71409	17.789757
2022-11-08	Southern Europe	19.41454	20.889992	17.902609
2022-11-09	Southern Europe	19.56783	21.084072	18.049612
2022-11-10	Southern Europe	19.749903	21.29625	18.201914
2022-11-11	Southern Europe	19.960144	21.528103	18.366693
2022-11-12	Southern Europe	20.18808	21.79004	18.55281
2022-11-13	Southern Europe	20.431973	22.072563	18.758783
2022-11-14	Southern Europe	20.690077	22.370438	18.972122
2022-11-15	Southern Europe	20.958443	22.664944	19.187063
2022-11-16	Southern Europe	21.229479	22.983597	19.419834
2022-11-17	Southern Europe	21.508434	23.307184	19.660793
2022-11-18	Southern Europe	21.805552	23.634897	19.909037
2022-11-19	Southern Europe	22.110146	23.968332	20.154766
2022-11-20	Southern Europe	22.419348	24.30446	20.403164
2022-11-21	Southern Europe	22.724054	24.643831	20.654167
2022-11-22	Southern Europe	23.030106	24.98534	20.906803
2022-11-23	Southern Europe	23.337444	25.328033	21.16023
2022-11-24	Southern Europe	23.645351	25.671108	21.413738
2022-11-25	Southern Europe	23.950535	26.013868	21.666716
2022-11-26	Southern Europe	24.249002	26.355734	21.918652
2022-11-27	Southern Europe	24.545929	26.699865	22.16909
2022-11-28	Southern Europe	24.854755	27.037798	22.418282
2022-11-29	Southern Europe	25.164032	27.373962	22.6657
2022-11-30	Southern Europe	25.470913	27.721151	22.910378
2022-12-01	Southern Europe	25.774815	28.074657	23.151781
2022-12-02	Southern Europe	26.076149	28.37512	23.389263
2022-12-03	Southern Europe	26.37159	28.689087	23.62199
2022-12-04	Southern Europe	26.658667	29.005888	23.84895
2022-12-05	Southern Europe	26.936562	29.315119	24.075857
2022-12-06	Southern Europe	27.199627	29.614788	24.295174
2022-12-07	Southern Europe	27.453876	29.902498	24.486664
2022-12-08	Southern Europe	27.686998	30.176493	24.665705
2022-12-09	Southern Europe	27.906544	30.4513	24.836489
2022-12-10	Southern Europe	28.105665	30.704197	24.989956
2022-12-11	Southern Europe	28.280777	30.931131	25.123123
2022-12-12	Southern Europe	28.428043	31.127735	25.239285
2022-12-13	Southern Europe	28.543402	31.289425	25.345509
2022-12-14	Southern Europe	28.622643	31.411415	25.412256
2022-12-15	Southern Europe	28.661514	31.482687	25.417328
2022-12-16	Southern Europe	28.655819	31.49782	25.374952
2022-12-17	Southern Europe	28.599257	31.453686	25.297253
2022-12-18	Southern Europe	28.478918	31.350693	25.185358
2022-12-19	Southern Europe	28.30254	31.185349	25.029924
2022-12-20	Southern Europe	28.082666	30.954313	24.812473
2022-12-21	Southern Europe	27.81147	30.654894	24.51305
2022-12-22	Southern Europe	27.477573	30.28511	24.166965
2022-12-23	Southern Europe	27.079386	29.843773	23.781317
2022-12-24	Southern Europe	26.603882	29.330563	23.335432
2022-12-25	Southern Europe	26.058632	28.746054	22.834177
2022-12-26	Southern Europe	25.458157	28.113787	22.279648
2022-12-27	Southern Europe	24.812088	27.402014	21.674297
2022-12-28	Southern Europe	24.10239	26.618711	21.026005
2022-12-29	Southern Europe	23.32671	25.773865	20.348917
2022-12-30	Southern Europe	22.502436	24.872711	19.634117
2022-12-31	Southern Europe	21.642086	23.921633	18.893974
2023-01-01	Southern Europe	20.753204	22.926699	18.091587
2023-01-02	Southern Europe	19.830576	21.899736	17.273987
2023-01-03	Southern Europe	18.875286	20.849571	16.410666
2023-01-04	Southern Europe	17.897274	19.775818	15.532641
2023-01-05	Southern Europe	16.904583	18.685661	14.666609
2023-01-06	Southern Europe	15.903828	17.578854	13.796046
2023-01-07	Southern Europe	14.901562	16.468353	12.925073
2023-01-08	Southern Europe	13.904215	15.363557	12.059162
2023-01-09	Southern Europe	12.911055	14.271327	11.203587
2023-01-10	Southern Europe	11.929047	13.196896	10.363362
2023-01-11	Southern Europe	10.971928	12.147663	9.54318
2023-01-12	Southern Europe	10.052214	11.129523	8.747367
2023-01-13	Southern Europe	9.160332	10.150233	7.9798393
2023-01-14	Southern Europe	8.312191	9.2146015	7.2440615
2023-01-15	Southern Europe	7.5041494	8.322523	6.543012
2023-01-16	Southern Europe	6.737955	7.4726076	5.8791714
2023-01-17	Southern Europe	6.015844	6.6731076	5.2544937
2023-01-18	Southern Europe	5.3454323	5.9256415	4.670407
2023-01-19	Southern Europe	4.7194557	5.2318444	4.1278067
2023-01-20	Southern Europe	4.139056	4.5921	3.6270719
2023-01-21	Southern Europe	3.611878	4.0062585	3.1660764
2023-01-22	Southern Europe	3.1353745	3.4750915	2.7449427
2023-01-23	Southern Europe	2.7039626	2.992907	2.364848
2023-01-24	Southern Europe	2.3152018	2.5618289	2.0253139
2023-01-25	Southern Europe	1.967875	2.1782672	1.7242255
2023-01-26	Southern Europe	1.6617916	1.8395466	1.4566574
2022-05-24	Central Europe	2.3643305	2.3643305	2.3643305
2022-05-25	Central Europe	2.4461432	2.4461432	2.4461432
2022-05-26	Central Europe	2.4274793	2.4274793	2.4274793
2022-05-27	Central Europe	1.7934986	1.7934986	1.7934985
2022-05-28	Central Europe	1.0700591	1.0700592	1.070059
2022-05-29	Central Europe	0.7831786	0.78317887	0.78317845
2022-05-30	Central Europe	0.7273903	0.7273904	0.72739017
2022-05-31	Central Europe	0.7316432	0.7316433	0.73164296
2022-06-01	Central Europe	0.74529684	0.745297	0.7452967
2022-06-02	Central Europe	0.7581925	0.75819266	0.7581923
2022-06-03	Central Europe	0.7690261	0.7690262	0.769026
2022-06-04	Central Europe	0.7778691	0.7778692	0.777869
2022-06-05	Central Europe	0.78522456	0.7852247	0.7852244
2022-06-06	Central Europe	0.7915797	0.7915799	0.79157966
2022-06-07	Central Europe	0.7974043	0.79740447	0.79740417
2022-06-08	Central Europe	0.80314994	0.8031501	0.8031498
2022-06-09	Central Europe	0.80925083	0.809251	0.8092507
2022-06-10	Central Europe	0.8161223	0.8161225	0.8161222
2022-06-11	Central Europe	0.82415503	0.82415515	0.8241549
2022-06-12	Central Europe	0.8337028	0.8337029	0.8337027
2022-06-13	Central Europe	0.84506077	0.845061	0.84506077
2022-06-14	Central Europe	0.85843194	0.8584322	0.85843194
2022-06-15	Central Europe	0.87388134	0.8738815	0.8738812
2022-06-16	Central Europe	0.8912818	0.89128196	0.8912817
2022-06-17	Central Europe	0.9102588	0.9102591	0.91025877
2022-06-18	Central Europe	0.93015015	0.9301504	0.93015003
2022-06-19	Central Europe	0.94999146	0.9499917	0.94999146
2022-06-20	Central Europe	0.9685413	0.96854144	0.9685412
2022-06-21	Central Europe	0.9843745	0.9843748	0.9843744
2022-06-22	Central Europe	0.9960026	0.996003	0.9960027
2022-06-23	Central Europe	1.0020177	1.0020181	1.0020176
2022-06-24	Central Europe	1.0012574	1.0012577	1.0012573
2022-06-25	Central Europe	0.99294925	0.9929494	0.9929491
2022-06-26	Central Europe	0.9768118	0.97681206	0.9768117
2022-06-27	Central Europe	0.9530952	0.9530953	0.9530951
2022-06-28	Central Europe	0.9225569	0.9225571	0.9225568
2022-06-29	Central Europe	0.88638103	0.8863812	0.886381
2022-06-30	Central Europe	0.8460544	0.84605455	0.84605426
2022-07-01	Central Europe	0.80322033	0.80322057	0.8032203
2022-07-02	Central Europe	0.759534	0.75953424	0.7595339
2022-07-03	Central Europe	0.7165337	0.716534	0.71653366
2022-07-04	Central Europe	0.67554295	0.67554307	0.6755428
2022-07-05	Central Europe	0.63760895	0.6376092	0.6376088
2022-07-06	Central Europe	0.6034782	0.6034783	0.6034781
2022-07-07	Central Europe	0.573603	0.5736031	0.57360286
2022-07-08	Central Europe	0.5481719	0.54817206	0.5481718
2022-07-09	Central Europe	0.5271555	0.5271557	0.5271554
2022-07-10	Central Europe	0.51035786	0.5103581	0.5103578
2022-07-11	Central Europe	0.49746805	0.49746823	0.49746794
2022-07-12	Central Europe	0.48810473	0.48810494	0.48810467
2022-07-13	Central Europe	0.48185313	0.48185325	0.48185304
2022-07-14	Central Europe	0.4782905	0.47829065	0.47829038
2022-07-15	Central Europe	0.47700262	0.47700283	0.47700256
2022-07-16	Central Europe	0.4775921	0.47759232	0.477592
2022-07-17	Central Europe	0.47967947	0.47967973	0.47967935
2022-07-18	Central Europe	0.48290145	0.4829017	0.48290133
2022-07-19	Central Europe	0.48690683	0.48690712	0.48690674
2022-07-20	Central Europe	0.49135292	0.4913531	0.49135286
2022-07-21	Central Europe	0.4959036	0.49590382	0.4959035
2022-07-22	Central Europe	0.50022984	0.5002301	0.5002297
2022-07-23	Central Europe	0.5040134	0.50401366	0.5040133
2022-07-24	Central Europe	0.5069534	0.50695366	0.50695324
2022-07-25	Central Europe	0.50877434	0.5087746	0.5087742
2022-07-26	Central Europe	0.5092366	0.5092368	0.5092364
2022-07-27	Central Europe	0.5081457	0.5081459	0.5081455
2022-07-28	Central Europe	0.5053619	0.5053622	0.5053618
2022-07-29	Central Europe	0.50080806	0.50080836	0.5008079
2022-07-30	Central Europe	0.49447995	0.49448016	0.49447978
2022-07-31	Central Europe	0.4864279	0.4864282	0.48642775
2022-08-01	Central Europe	0.4767582	0.47675842	0.47675797
2022-08-02	Central Europe	0.46564054	0.46564078	0.4656404
2022-08-03	Central Europe	0.4532967	0.45329687	0.45329648
2022-08-04	Central Europe	0.43998533	0.4399855	0.4399851
2022-08-05	Central Europe	0.42598906	0.4259893	0.42598897
2022-08-06	Central Europe	0.41160128	0.41160145	0.41160113
2022-08-07	Central Europe	0.39711303	0.3971132	0.39711285
2022-08-08	Central Europe	0.38280186	0.38280207	0.38280165
2022-08-09	Central Europe	0.3689218	0.36892202	0.3689216
2022-08-10	Central Europe	0.3556955	0.35569572	0.35569534
2022-08-11	Central Europe	0.3433087	0.3433089	0.3433085
2022-08-12	Central Europe	0.33190662	0.33190683	0.33190644
2022-08-13	Central Europe	0.32159308	0.3215933	0.32159296
2022-08-14	Central Europe	0.31243062	0.31243083	0.31243047
2022-08-15	Central Europe	0.3044427	0.30444288	0.30444255
2022-08-16	Central Europe	0.297617	0.2976172	0.2976169
2022-08-17	Central Europe	0.29190928	0.29190943	0.29190913
2022-08-18	Central Europe	0.28724787	0.28724805	0.28724775
2022-08-19	Central Europe	0.2835385	0.2835387	0.2835384
2022-08-20	Central Europe	0.28066894	0.28066915	0.28066885
2022-08-21	Central Europe	0.2785139	0.27851406	0.2785138
2022-08-22	Central Europe	0.2769391	0.27693927	0.27693895
2022-08-23	Central Europe	0.27580592	0.27580607	0.27580577
2022-08-24	Central Europe	0.274975	0.27497518	0.27497485
2022-08-25	Central Europe	0.2743102	0.2743104	0.27431002
2022-08-26	Central Europe	0.27368173	0.27368194	0.27368158
2022-08-27	Central Europe	0.2729693	0.27296948	0.27296913
2022-08-28	Central Europe	0.27206454	0.27206472	0.27206433
2022-08-29	Central Europe	0.27087352	0.27087376	0.27087337
2022-08-30	Central Europe	0.26931855	0.26931876	0.2693184
2022-08-31	Central Europe	0.2673393	0.26733953	0.26733917
2022-09-01	Central Europe	0.264894	0.26489425	0.26489383
2022-09-02	Central Europe	0.26195937	0.26195955	0.26195917
2022-09-03	Central Europe	0.25853053	0.2585307	0.25853035
2022-09-04	Central Europe	0.25462008	0.25462025	0.25461993
2022-09-05	Central Europe	0.250257	0.25025716	0.25025678
2022-09-06	Central Europe	0.24548447	0.24548464	0.24548428
2022-09-07	Central Europe	0.24035783	0.240358	0.24035767
2022-09-08	Central Europe	0.23494224	0.23494242	0.23494208
2022-09-09	Central Europe	0.22930978	0.22930993	0.22930962
2022-09-10	Central Europe	0.22353667	0.22353682	0.22353649
2022-09-11	Central Europe	0.21770054	0.21770072	0.21770039
2022-09-12	Central Europe	0.21187797	0.21187812	0.21187781
2022-09-13	Central Europe	0.20614173	0.20614184	0.20614155
2022-09-14	Central Europe	0.20055881	0.20055895	0.20055865
2022-09-15	Central Europe	0.1951888	0.19518895	0.19518863
2022-09-16	Central Europe	0.19008216	0.1900823	0.19008201
2022-09-17	Central Europe	0.18527946	0.18527961	0.18527932
2022-09-18	Central Europe	0.1808106	0.18081072	0.18081045
2022-09-19	Central Europe	0.17669475	0.1766949	0.1766946
2022-09-20	Central Europe	0.1729404	0.17294057	0.1729403
2022-09-21	Central Europe	0.16954598	0.1695461	0.16954586
2022-09-22	Central Europe	0.16650032	0.16650045	0.16650023
2022-09-23	Central Europe	0.16378397	0.1637841	0.16378383
2022-09-24	Central Europe	0.16137019	0.1613703	0.16137005
2022-09-25	Central Europe	0.1592263	0.15922642	0.15922615
2022-09-26	Central Europe	0.15731503	0.15731516	0.1573149
2022-09-27	Central Europe	0.15559605	0.15559615	0.15559593
2022-09-28	Central Europe	0.15402722	0.15402737	0.15402712
2022-09-29	Central Europe	0.15256612	0.15256622	0.15256599
2022-09-30	Central Europe	0.15117112	0.15117124	0.151171
2022-10-01	Central Europe	0.14980274	0.1498029	0.14980264
2022-10-02	Central Europe	0.14842464	0.14842479	0.14842454
2022-10-03	Central Europe	0.14700437	0.14700451	0.14700426
2022-10-04	Central Europe	0.14551416	0.14551431	0.14551406
2022-10-05	Central Europe	0.14393151	0.14393164	0.14393139
2022-10-06	Central Europe	0.14223935	0.14223945	0.14223921
2022-10-07	Central Europe	0.14042626	0.14042638	0.14042611
2022-10-08	Central Europe	0.13848646	0.13848658	0.1384863
2022-10-09	Central Europe	0.13641958	0.1364197	0.13641943
2022-10-10	Central Europe	0.13423033	0.13423045	0.13423021
2022-10-11	Central Europe	0.13192801	0.13192812	0.13192788
2022-10-12	Central Europe	0.12952578	0.12952591	0.12952569
2022-10-13	Central Europe	0.12704027	0.12704036	0.12704015
2022-10-14	Central Europe	0.12449048	0.1244906	0.12449038
2022-10-15	Central Europe	0.12189736	0.121897444	0.12189723
2022-10-16	Central Europe	0.11928271	0.119282804	0.11928258
2022-10-17	Central Europe	0.11666865	0.116668746	0.11666852
2022-10-18	Central Europe	0.11407683	0.11407693	0.114076726
2022-10-19	Central Europe	0.11152776	0.11152786	0.11152767
2022-10-20	Central Europe	0.10904025	0.109040335	0.109040156
2022-10-21	Central Europe	0.10663089	0.10663099	0.1066308
2022-10-22	Central Europe	0.104313746	0.10431385	0.10431366
2022-10-23	Central Europe	0.10209997	0.102100074	0.10209989
2022-10-24	Central Europe	0.09999776	0.099997856	0.09999766
2022-10-25	Central Europe	0.098012164	0.09801225	0.09801206
2022-10-26	Central Europe	0.09614522	0.0961453	0.09614513
2022-10-27	Central Europe	0.094396025	0.09439611	0.09439592
2022-10-28	Central Europe	0.09276097	0.09276106	0.09276089
2022-10-29	Central Europe	0.09123403	0.091234125	0.09123395
2022-10-30	Central Europe	0.089807056	0.08980712	0.08980697
2022-10-31	Central Europe	0.08847018	0.08847026	0.088470094
2022-11-01	Central Europe	0.08721224	0.08721231	0.08721215
2022-11-02	Central Europe	0.08602114	0.08602122	0.08602104
2022-11-03	Central Europe	0.08488432	0.084884405	0.084884234
2022-11-04	Central Europe	0.08378914	0.08378922	0.08378905
2022-11-05	Central Europe	0.08272327	0.08272335	0.082723185
2022-11-06	Central Europe	0.081675	0.081675075	0.08167491
2022-11-07	Central Europe	0.08063358	0.08063366	0.08063351
2022-11-08	Central Europe	0.0795895	0.07958957	0.07958942
2022-11-09	Central Europe	0.07853457	0.07853466	0.078534506
2022-11-10	Central Europe	0.07746224	0.077462316	0.07746216
2022-11-11	Central Europe	0.076367535	0.076367594	0.07636745
2022-11-12	Central Europe	0.07524716	0.075247236	0.07524708
2022-11-13	Central Europe	0.074099496	0.07409957	0.07409942
2022-11-14	Central Europe	0.07292446	0.07292453	0.0729244
2022-11-15	Central Europe	0.071723476	0.07172355	0.07172341
2022-11-16	Central Europe	0.07049926	0.07049933	0.07049919
2022-11-17	Central Europe	0.06925566	0.06925571	0.06925558
2022-11-18	Central Europe	0.067997456	0.06799752	0.06799739
2022-11-19	Central Europe	0.06673017	0.06673024	0.066730104
2022-11-20	Central Europe	0.065459765	0.06545984	0.06545971
2022-11-21	Central Europe	0.06419252	0.06419257	0.06419245
2022-11-22	Central Europe	0.0629347	0.06293476	0.06293464
2022-11-23	Central Europe	0.061692443	0.061692495	0.061692387
2022-11-24	Central Europe	0.060471542	0.060471598	0.060471486
2022-11-25	Central Europe	0.059277244	0.059277296	0.059277188
2022-11-26	Central Europe	0.058114182	0.058114234	0.05811412
2022-11-27	Central Europe	0.056986213	0.056986272	0.056986153
2022-11-28	Central Europe	0.055896357	0.055896413	0.0558963
2022-11-29	Central Europe	0.054846764	0.054846823	0.054846715
2022-11-30	Central Europe	0.053838704	0.053838745	0.053838644
2022-12-01	Central Europe	0.05287252	0.052872565	0.052872468
2022-12-02	Central Europe	0.05194776	0.051947802	0.051947705
2022-12-03	Central Europe	0.051063154	0.051063206	0.05106311
2022-12-04	Central Europe	0.050216764	0.05021681	0.050216723
2022-12-05	Central Europe	0.049406026	0.049406074	0.049405985
2022-12-06	Central Europe	0.0486279	0.048627954	0.04862787
2022-12-07	Central Europe	0.04787899	0.04787904	0.047878947
2022-12-08	Central Europe	0.047155634	0.04715567	0.04715559
2022-12-09	Central Europe	0.046454027	0.046454072	0.04645399
2022-12-10	Central Europe	0.045770403	0.045770444	0.04577036
2022-12-11	Central Europe	0.045101047	0.045101084	0.045101
2022-12-12	Central Europe	0.04444249	0.044442527	0.044442452
2022-12-13	Central Europe	0.043791514	0.043791555	0.04379148
2022-12-14	Central Europe	0.043145288	0.04314533	0.043145247
2022-12-15	Central Europe	0.04250137	0.042501412	0.04250133
2022-12-16	Central Europe	0.041857816	0.041857857	0.041857775
2022-12-17	Central Europe	0.041213125	0.041213166	0.041213088
2022-12-18	Central Europe	0.040566307	0.04056635	0.040566273
2022-12-19	Central Europe	0.03991686	0.039916895	0.03991682
2022-12-20	Central Europe	0.039264716	0.039264746	0.03926468
2022-12-21	Central Europe	0.03861025	0.03861028	0.038610216
2022-12-22	Central Europe	0.037954208	0.03795424	0.03795417
2022-12-23	Central Europe	0.03729767	0.037297707	0.037297636
2022-12-24	Central Europe	0.036641974	0.03664201	0.036641944
2022-12-25	Central Europe	0.03598867	0.035988707	0.03598864
2022-12-26	Central Europe	0.035339426	0.03533946	0.035339393
2022-12-27	Central Europe	0.034696005	0.034696028	0.034695968
2022-12-28	Central Europe	0.03406014	0.03406017	0.034060113
2022-12-29	Central Europe	0.033433553	0.033433583	0.033433523
2022-12-30	Central Europe	0.032817826	0.03281785	0.032817796
2022-12-31	Central Europe	0.03221441	0.032214433	0.03221438
2023-01-01	Central Europe	0.03162455	0.031624574	0.03162452
2023-01-02	Central Europe	0.031049266	0.031049293	0.031049237
2023-01-03	Central Europe	0.03048935	0.030489374	0.03048932
2023-01-04	Central Europe	0.02994532	0.029945347	0.029945292
2023-01-05	Central Europe	0.02941745	0.029417478	0.029417425
2023-01-06	Central Europe	0.028905746	0.028905774	0.028905721
2023-01-07	Central Europe	0.028409977	0.02841	0.02840995
2023-01-08	Central Europe	0.027929686	0.02792971	0.027929662
2023-01-09	Central Europe	0.027464217	0.027464239	0.027464192
2023-01-10	Central Europe	0.027012747	0.027012771	0.02701272
2023-01-11	Central Europe	0.026574306	0.026574332	0.026574282
2023-01-12	Central Europe	0.026147833	0.026147857	0.026147813
2023-01-13	Central Europe	0.025732197	0.025732221	0.025732175
2023-01-14	Central Europe	0.025326228	0.025326256	0.025326211
2023-01-15	Central Europe	0.024928764	0.02492879	0.024928749
2023-01-16	Central Europe	0.02453868	0.024538707	0.024538666
2023-01-17	Central Europe	0.024154909	0.024154935	0.024154894
2023-01-18	Central Europe	0.02377647	0.023776492	0.023776455
2023-01-19	Central Europe	0.023402495	0.023402518	0.023402477
2023-01-20	Central Europe	0.02303224	0.02303226	0.023032222
2023-01-21	Central Europe	0.02266509	0.022665113	0.022665072
2023-01-22	Central Europe	0.022300584	0.022300607	0.02230057
2023-01-23	Central Europe	0.021938397	0.021938417	0.02193838
2023-01-24	Central Europe	0.021578338	0.02157836	0.021578321
2023-01-25	Central Europe	0.021220367	0.021220393	0.021220353
2023-01-26	Central Europe	0.020864554	0.020864578	0.020864539
