date	location	median_R	R_upper_80	R_lower_80
2022-06-25	Colombia	0.0077332063	0.007967238	0.007533886
2022-06-26	Colombia	0.011518395	0.011854461	0.011247845
2022-06-27	Colombia	0.01688573	0.017341955	0.01653118
2022-06-28	Colombia	0.024358567	0.024985801	0.023910625
2022-06-29	Colombia	0.03461031	0.035439532	0.034010757
2022-06-30	Colombia	0.04842285	0.049488723	0.04760072
2022-07-01	Colombia	0.06674701	0.06810337	0.06570394
2022-07-02	Colombia	0.09063053	0.09235804	0.089392915
2022-07-03	Colombia	0.121330306	0.12347264	0.11983503
2022-07-04	Colombia	0.16017348	0.16276528	0.15842508
2022-07-05	Colombia	0.20838153	0.21162054	0.20640555
2022-07-06	Colombia	0.2677072	0.27150387	0.26521012
2022-07-07	Colombia	0.33947933	0.34364438	0.3362515
2022-07-08	Colombia	0.42500356	0.42956984	0.42083162
2022-07-09	Colombia	0.525334	0.5300693	0.520106
2022-07-10	Colombia	0.6410228	0.64667886	0.6346645
2022-07-11	Colombia	0.77324295	0.77995205	0.76512796
2022-07-12	Colombia	0.92151994	0.9294589	0.9120865
2022-07-13	Colombia	1.0858662	1.0957348	1.0745167
2022-07-14	Colombia	1.2644042	1.2770156	1.2516701
2022-07-15	Colombia	1.4572686	1.472089	1.4414891
2022-07-16	Colombia	1.661195	1.6793101	1.643876
2022-07-17	Colombia	1.8749067	1.8946927	1.8554585
2022-07-18	Colombia	2.094523	2.1190207	2.073346
2022-07-19	Colombia	2.3174593	2.3473155	2.2946024
2022-07-20	Colombia	2.5409684	2.5761304	2.5158913
2022-07-21	Colombia	2.7603157	2.8007395	2.7329636
2022-07-22	Colombia	2.9728107	3.0191383	2.9438426
2022-07-23	Colombia	3.1741302	3.2260752	3.1434672
2022-07-24	Colombia	3.3624506	3.4187055	3.3291192
2022-07-25	Colombia	3.534153	3.5944922	3.49738
2022-07-26	Colombia	3.6861546	3.7518876	3.6474202
2022-07-27	Colombia	3.816908	3.888675	3.7767684
2022-07-28	Colombia	3.925455	4.0016627	3.8824453
2022-07-29	Colombia	4.011119	4.090006	3.964774
2022-07-30	Colombia	4.0731096	4.154015	4.0227838
2022-07-31	Colombia	4.111339	4.193972	4.05786
2022-08-01	Colombia	4.1262474	4.2089043	4.070163
2022-08-02	Colombia	4.1184793	4.2016582	4.059323
2022-08-03	Colombia	4.089091	4.17189	4.0276275
2022-08-04	Colombia	4.0402255	4.122236	3.9772608
2022-08-05	Colombia	3.973772	4.0552006	3.910499
2022-08-06	Colombia	3.891714	3.9724565	3.8285887
2022-08-07	Colombia	3.7970011	3.8753028	3.7335427
2022-08-08	Colombia	3.6911514	3.7669787	3.6276405
2022-08-09	Colombia	3.5761852	3.6492796	3.5126934
2022-08-10	Colombia	3.4540334	3.524329	3.3906312
2022-08-11	Colombia	3.3264828	3.394095	3.2639127
2022-08-12	Colombia	3.1957207	3.2604804	3.134352
2022-08-13	Colombia	3.063418	3.125238	3.0039098
2022-08-14	Colombia	2.9310741	2.9899068	2.8741884
2022-08-15	Colombia	2.8000112	2.855842	2.7458086
2022-08-16	Colombia	2.671372	2.7242177	2.6190224
2022-08-17	Colombia	2.5461254	2.596028	2.495252
2022-08-18	Colombia	2.425216	2.4721	2.3753262
2022-08-19	Colombia	2.3094969	2.3530927	2.260378
2022-08-20	Colombia	2.198495	2.2392287	2.150888
2022-08-21	Colombia	2.0932608	2.13171	2.0476947
2022-08-22	Colombia	1.9940679	2.030314	1.9499992
2022-08-23	Colombia	1.9010973	1.9350858	1.858509
2022-08-24	Colombia	1.8146217	1.8462399	1.7733444
2022-08-25	Colombia	1.7347953	1.7638555	1.6945314
2022-08-26	Colombia	1.6612847	1.6878726	1.622328
2022-08-27	Colombia	1.5939378	1.6180042	1.5560845
2022-08-28	Colombia	1.5323663	1.5546217	1.4961995
2022-08-29	Colombia	1.4768183	1.4976609	1.4428427
2022-08-30	Colombia	1.4268984	1.446277	1.3949941
2022-08-31	Colombia	1.3821248	1.4002291	1.3520765
2022-09-01	Colombia	1.3417455	1.358512	1.3133956
2022-09-02	Colombia	1.3052713	1.3208845	1.2785192
2022-09-03	Colombia	1.2724569	1.2871606	1.2472537
2022-09-04	Colombia	1.2430801	1.2566621	1.2192764
2022-09-05	Colombia	1.2169212	1.229092	1.1944863
2022-09-06	Colombia	1.1932439	1.2046613	1.1722623
2022-09-07	Colombia	1.1724058	1.1823523	1.1521192
2022-09-08	Colombia	1.1535468	1.162578	1.1341797
2022-09-09	Colombia	1.1368572	1.1455603	1.1186895
2022-09-10	Colombia	1.1217616	1.1296544	1.1049066
2022-09-11	Colombia	1.108454	1.1155933	1.092818
2022-09-12	Colombia	1.0965538	1.1035435	1.0820826
2022-09-13	Colombia	1.0859644	1.0924771	1.0729967
2022-09-14	Colombia	1.0768459	1.0828893	1.0647787
2022-09-15	Colombia	1.0688486	1.0746603	1.0577662
2022-09-16	Colombia	1.0617237	1.0671887	1.0511755
2022-09-17	Colombia	1.0554845	1.0607262	1.0460062
2022-09-18	Colombia	1.0498224	1.055161	1.0411018
2022-09-19	Colombia	1.0449023	1.0501972	1.0365686
2022-09-20	Colombia	1.0402807	1.0457065	1.0328171
2022-09-21	Colombia	1.0359688	1.0420374	1.0285197
2022-09-22	Colombia	1.0323095	1.0388316	1.0252782
2022-09-23	Colombia	1.0288982	1.0357453	1.0219983
2022-09-24	Colombia	1.0255666	1.0325192	1.0182897
2022-09-25	Colombia	1.0223855	1.0294865	1.0146037
2022-09-26	Colombia	1.0190313	1.0267158	1.01126
2022-09-27	Colombia	1.015589	1.0237038	1.007583
2022-09-28	Colombia	1.0117072	1.0201861	1.0035864
2022-09-29	Colombia	1.0075643	1.0161076	0.9991576
2022-09-30	Colombia	1.002877	1.0118362	0.99420387
2022-10-01	Colombia	0.997665	1.0071266	0.9888078
2022-10-02	Colombia	0.9918792	1.0017327	0.9826412
2022-10-03	Colombia	0.9853713	0.99556786	0.9757583
2022-10-04	Colombia	0.9780948	0.98846847	0.9681433
2022-10-05	Colombia	0.9698603	0.9803706	0.96002537
2022-10-06	Colombia	0.9608536	0.9712696	0.9504611
2022-10-07	Colombia	0.95088834	0.9611204	0.94024235
2022-10-08	Colombia	0.94002604	0.9497954	0.9291229
2022-10-09	Colombia	0.9274844	0.93726116	0.9164196
2022-10-10	Colombia	0.9143572	0.92410743	0.90199345
2022-10-11	Colombia	0.8995788	0.90960026	0.8879876
2022-10-12	Colombia	0.88368744	0.8931861	0.87188184
2022-10-13	Colombia	0.8665772	0.8757717	0.8551414
2022-10-14	Colombia	0.84835815	0.8578152	0.83644277
2022-10-15	Colombia	0.8287642	0.838159	0.816301
2022-10-16	Colombia	0.80801904	0.8174795	0.7944868
2022-10-17	Colombia	0.7863701	0.7964241	0.77166575
2022-10-18	Colombia	0.76369464	0.7739872	0.7477789
2022-10-19	Colombia	0.73972344	0.75052357	0.7227011
2022-10-20	Colombia	0.7145998	0.72620755	0.69669265
2022-10-21	Colombia	0.6889998	0.7009286	0.669828
2022-10-22	Colombia	0.6628596	0.6752709	0.6422139
2022-10-23	Colombia	0.6355393	0.6483554	0.6139906
2022-10-24	Colombia	0.60766745	0.62100226	0.5852835
2022-10-25	Colombia	0.57926416	0.59320074	0.55622447
2022-10-26	Colombia	0.55063653	0.565201	0.5269507
2022-10-27	Colombia	0.5216959	0.5365137	0.49760273
2022-10-28	Colombia	0.49281806	0.50844204	0.46832272
2022-10-29	Colombia	0.46419358	0.47995153	0.43925244
2022-10-30	Colombia	0.43544745	0.45134935	0.41053146
2022-05-19	France	2.7573361	2.8339381	2.665755
2022-05-20	France	2.7558532	2.826144	2.669728
2022-05-21	France	2.75131	2.8155708	2.6740973
2022-05-22	France	2.7453601	2.8018641	2.6754887
2022-05-23	France	2.7354128	2.7859879	2.673939
2022-05-24	France	2.7226257	2.7709653	2.6654987
2022-05-25	France	2.708486	2.7521	2.6578677
2022-05-26	France	2.6926734	2.7332296	2.6468713
2022-05-27	France	2.6745024	2.7130308	2.6315825
2022-05-28	France	2.654553	2.6902835	2.6152437
2022-05-29	France	2.6336684	2.6674209	2.5977838
2022-05-30	France	2.6094503	2.6409814	2.576822
2022-05-31	France	2.585405	2.6127663	2.5526333
2022-06-01	France	2.5577488	2.585734	2.5296764
2022-06-02	France	2.5299716	2.5563686	2.5041826
2022-06-03	France	2.501027	2.5269096	2.477002
2022-06-04	France	2.470636	2.4964263	2.4484775
2022-06-05	France	2.439045	2.4651532	2.4185662
2022-06-06	France	2.4064965	2.4325824	2.3875966
2022-06-07	France	2.3732896	2.3990836	2.3552268
2022-06-08	France	2.3399162	2.3648827	2.3222585
2022-06-09	France	2.3059678	2.3298955	2.2879715
2022-06-10	France	2.2713144	2.294046	2.2532568
2022-06-11	France	2.2360134	2.2580574	2.218147
2022-06-12	France	2.2005308	2.2214963	2.1819751
2022-06-13	France	2.1638784	2.1842475	2.1466258
2022-06-14	France	2.1278832	2.147113	2.1099586
2022-06-15	France	2.0911794	2.1100209	2.0730016
2022-06-16	France	2.0540767	2.0723896	2.0360444
2022-06-17	France	2.0172534	2.035754	1.9998661
2022-06-18	France	1.98051	1.9987993	1.9628274
2022-06-19	France	1.943692	1.96163	1.9273491
2022-06-20	France	1.9071231	1.9244208	1.8914934
2022-06-21	France	1.8710849	1.8881019	1.855708
2022-06-22	France	1.8354634	1.852053	1.8202
2022-06-23	France	1.8002906	1.8162632	1.7847286
2022-06-24	France	1.7651795	1.7810556	1.7498107
2022-06-25	France	1.730777	1.745919	1.7154632
2022-06-26	France	1.6966842	1.7114791	1.6815586
2022-06-27	France	1.662954	1.6774609	1.6478302
2022-06-28	France	1.6298378	1.6438547	1.6150259
2022-06-29	France	1.5970165	1.6111183	1.5831122
2022-06-30	France	1.5642048	1.579103	1.551665
2022-07-01	France	1.5331504	1.5470525	1.5205265
2022-07-02	France	1.5022457	1.516427	1.4904776
2022-07-03	France	1.4719156	1.4859607	1.4608065
2022-07-04	France	1.4421604	1.4560657	1.4318423
2022-07-05	France	1.4129062	1.4267122	1.4032456
2022-07-06	France	1.3847264	1.3980633	1.3752078
2022-07-07	France	1.3576152	1.370446	1.3478386
2022-07-08	France	1.3310263	1.343406	1.3212267
2022-07-09	France	1.305159	1.3172734	1.2954348
2022-07-10	France	1.2798226	1.2920002	1.2703439
2022-07-11	France	1.2554832	1.2674345	1.2458003
2022-07-12	France	1.231631	1.243592	1.2219222
2022-07-13	France	1.2084997	1.2205075	1.1986649
2022-07-14	France	1.1861849	1.1981134	1.176447
2022-07-15	France	1.1646922	1.1764114	1.1550348
2022-07-16	France	1.1438727	1.1555442	1.1344678
2022-07-17	France	1.1240077	1.1353475	1.1147234
2022-07-18	France	1.1049483	1.115868	1.0952945
2022-07-19	France	1.0863516	1.0969309	1.0765916
2022-07-20	France	1.0682038	1.0789647	1.0586402
2022-07-21	France	1.0510551	1.0617615	1.0411506
2022-07-22	France	1.0348725	1.0452664	1.0247144
2022-07-23	France	1.0191581	1.0294744	1.0091991
2022-07-24	France	1.0041964	1.014316	0.99419725
2022-07-25	France	0.989842	0.99975216	0.97990614
2022-07-26	France	0.97611654	0.9857484	0.9662526
2022-07-27	France	0.96300393	0.9724831	0.95300096
2022-07-28	France	0.95040274	0.9596684	0.9405671
2022-07-29	France	0.93835044	0.94749856	0.9287429
2022-07-30	France	0.9267552	0.9358468	0.917427
2022-07-31	France	0.9155021	0.92477834	0.9064206
2022-08-01	France	0.905066	0.9141362	0.89587504
2022-08-02	France	0.89502776	0.9037331	0.88576835
2022-08-03	France	0.8853027	0.89383805	0.87608993
2022-08-04	France	0.875849	0.8840639	0.86685044
2022-08-05	France	0.86682236	0.8749548	0.8578415
2022-08-06	France	0.85815376	0.8665015	0.8492043
2022-08-07	France	0.8499858	0.858193	0.8409359
2022-08-08	France	0.8419833	0.8499511	0.833136
2022-08-09	France	0.8341092	0.8421183	0.8256208
2022-08-10	France	0.82665825	0.83456385	0.81848216
2022-08-11	France	0.81945205	0.82736194	0.8116352
2022-08-12	France	0.81247914	0.8203465	0.80492026
2022-08-13	France	0.80583984	0.8136132	0.79850876
2022-08-14	France	0.79962087	0.8070435	0.7923737
2022-08-15	France	0.7933422	0.8006217	0.7864872
2022-08-16	France	0.787056	0.7944393	0.7804958
2022-08-17	France	0.78112006	0.78842926	0.7748144
2022-08-18	France	0.7753388	0.78253835	0.76904964
2022-08-19	France	0.76960516	0.77692217	0.7633924
2022-08-20	France	0.76418126	0.771398	0.75795734
2022-08-21	France	0.75908256	0.7660503	0.752749
2022-08-22	France	0.753865	0.7609324	0.7476042
2022-08-23	France	0.7489306	0.75559247	0.74255216
2022-08-24	France	0.74397576	0.7506284	0.73786724
2022-08-25	France	0.7391187	0.74569213	0.73279697
2022-08-26	France	0.73438025	0.7415105	0.7279782
2022-08-27	France	0.7297223	0.7370293	0.7230595
2022-08-28	France	0.72527	0.7326735	0.7182798
2022-08-29	France	0.7209669	0.7287121	0.7135229
2022-08-30	France	0.7161919	0.724752	0.7089965
2022-08-31	France	0.7113989	0.720953	0.7042005
2022-09-01	France	0.7070143	0.71720093	0.6994613
2022-09-02	France	0.70260274	0.7131659	0.6946743
2022-09-03	France	0.6979451	0.70921934	0.68988943
2022-09-04	France	0.69371104	0.70566106	0.68505764
2022-09-05	France	0.6894937	0.70212036	0.680179
2022-09-06	France	0.6850946	0.69857347	0.6755214
2022-09-07	France	0.68069017	0.6946444	0.6706807
2022-09-08	France	0.67611206	0.69063896	0.66569716
2022-09-09	France	0.6714511	0.686614	0.6609152
2022-09-10	France	0.6665501	0.6828383	0.65595496
2022-09-11	France	0.66187894	0.67915815	0.6509778
2022-09-12	France	0.6572416	0.6752071	0.64568067
2022-09-13	France	0.65259695	0.671393	0.6402127
2022-09-14	France	0.6477922	0.6675906	0.63471866
2022-09-15	France	0.6429324	0.6633964	0.62905174
2022-09-16	France	0.63813794	0.659253	0.62363327
2022-09-17	France	0.63330746	0.655395	0.6179513
2022-09-18	France	0.6283226	0.65148443	0.61208224
2022-09-19	France	0.62320554	0.6475376	0.6064837
2022-09-20	France	0.61808157	0.64331865	0.600469
2022-09-21	France	0.61294854	0.6390206	0.59414226
2022-09-22	France	0.6076682	0.63466614	0.5877129
2022-09-23	France	0.6022767	0.6303309	0.5811788
2022-09-24	France	1.0	1.0	1.0
2022-09-25	France	1.0	1.0	1.0
2022-09-26	France	1.0	1.0	1.0
2022-09-27	France	1.0	1.0	1.0
2022-09-28	France	1.0	1.0	1.0
2022-09-29	France	1.0	1.0	1.0
2022-09-30	France	1.0	1.0	1.0
2022-10-01	France	1.0	1.0	1.0
2022-10-02	France	1.0	1.0	1.0
2022-10-03	France	1.0	1.0	1.0
2022-10-04	France	1.0	1.0	1.0
2022-10-05	France	1.0	1.0	1.0
2022-10-06	France	1.0	1.0	1.0
2022-10-07	France	1.0	1.0	1.0
2022-10-08	France	1.0	1.0	1.0
2022-10-09	France	1.0	1.0	1.0
2022-10-10	France	1.0	1.0	1.0
2022-10-11	France	1.0	1.0	1.0
2022-10-12	France	1.0	1.0	1.0
2022-10-13	France	1.0	1.0	1.0
2022-10-14	France	1.0	1.0	1.0
2022-10-15	France	1.0	1.0	1.0
2022-10-16	France	1.0	1.0	1.0
2022-10-17	France	1.0	1.0	1.0
2022-10-18	France	1.0	1.0	1.0
2022-10-19	France	1.0	1.0	1.0
2022-10-20	France	1.0	1.0	1.0
2022-10-21	France	1.0	1.0	1.0
2022-10-22	France	1.0	1.0	1.0
2022-10-23	France	1.0	1.0	1.0
2022-10-24	France	1.0	1.0	1.0
2022-10-25	France	1.0	1.0	1.0
2022-10-26	France	1.0	1.0	1.0
2022-10-27	France	1.0	1.0	1.0
2022-10-28	France	1.0	1.0	1.0
2022-10-29	France	1.0	1.0	1.0
2022-10-30	France	1.0	1.0	1.0
2022-05-20	Germany	5.3795133	6.2699857	5.059317
2022-05-21	Germany	5.0421934	5.829237	4.767137
2022-05-22	Germany	4.737179	5.423027	4.4991174
2022-05-23	Germany	4.460697	5.06135	4.2530665
2022-05-24	Germany	4.204065	4.7388096	4.026906
2022-05-25	Germany	3.9727972	4.443196	3.817046
2022-05-26	Germany	3.7590787	4.1678853	3.623719
2022-05-27	Germany	3.5654564	3.9261868	3.4396763
2022-05-28	Germany	3.3829508	3.7017503	3.2704027
2022-05-29	Germany	3.216417	3.5001998	3.1145813
2022-05-30	Germany	3.0634577	3.3099797	2.9697757
2022-05-31	Germany	2.9213283	3.135584	2.8330479
2022-06-01	Germany	2.791698	2.976768	2.7080135
2022-06-02	Germany	2.6711736	2.8313897	2.5925562
2022-06-03	Germany	2.5590923	2.6993082	2.4856832
2022-06-04	Germany	2.454522	2.5790298	2.3865895
2022-06-05	Germany	2.3579078	2.4614205	2.2946157
2022-06-06	Germany	2.267899	2.3582249	2.2091658
2022-06-07	Germany	2.1845493	2.2631018	2.129702
2022-06-08	Germany	2.1079862	2.1735263	2.0557358
2022-06-09	Germany	2.0351028	2.0909662	1.986825
2022-06-10	Germany	1.9672487	2.0142646	1.9222937
2022-06-11	Germany	1.9025309	1.9423356	1.8605183
2022-06-12	Germany	1.843265	1.876083	1.8033959
2022-06-13	Germany	1.7869816	1.8172154	1.7515099
2022-06-14	Germany	1.7333281	1.761037	1.7005605
2022-06-15	Germany	1.6832057	1.7107638	1.654435
2022-06-16	Germany	1.6374438	1.6613519	1.6088238
2022-06-17	Germany	1.5934441	1.616723	1.5665451
2022-06-18	Germany	1.5533667	1.575884	1.5294333
2022-06-19	Germany	1.515677	1.5358015	1.4924905
2022-06-20	Germany	1.4803991	1.4990426	1.4566662
2022-06-21	Germany	1.4458997	1.4655358	1.424221
2022-06-22	Germany	1.4148592	1.4332763	1.3931141
2022-06-23	Germany	1.3850235	1.4029692	1.3635447
2022-06-24	Germany	1.35781	1.3747029	1.3354307
2022-06-25	Germany	1.3313566	1.3480551	1.3092965
2022-06-26	Germany	1.3059992	1.3224283	1.284772
2022-06-27	Germany	1.2825699	1.2988526	1.2611512
2022-06-28	Germany	1.2610707	1.2765512	1.238527
2022-06-29	Germany	1.239712	1.2554272	1.2179694
2022-06-30	Germany	1.2192632	1.2358004	1.1986842
2022-07-01	Germany	1.2003326	1.2169	1.180398
2022-07-02	Germany	1.1827006	1.1989043	1.1625254
2022-07-03	Germany	1.1655486	1.1816808	1.1458181
2022-07-04	Germany	1.1495118	1.1652491	1.1304346
2022-07-05	Germany	1.1337975	1.1498588	1.1151519
2022-07-06	Germany	1.1189291	1.1352859	1.1010978
2022-07-07	Germany	1.1041751	1.1213773	1.0876422
2022-07-08	Germany	1.0905507	1.1073517	1.0738751
2022-07-09	Germany	1.07816	1.094022	1.0614711
2022-07-10	Germany	1.0654438	1.0808337	1.0493747
2022-07-11	Germany	1.0531657	1.0684509	1.0374881
2022-07-12	Germany	1.041528	1.056781	1.0263219
2022-07-13	Germany	1.0300798	1.045087	1.0153759
2022-07-14	Germany	1.0189949	1.0335923	1.0048611
2022-07-15	Germany	1.0079665	1.0224296	0.9945769
2022-07-16	Germany	0.99733156	1.0114902	0.9845434
2022-07-17	Germany	0.98695743	1.000817	0.9748147
2022-07-18	Germany	0.97635734	0.99025345	0.9648335
2022-07-19	Germany	0.9659744	0.9797401	0.95495945
2022-07-20	Germany	0.9561622	0.9692736	0.94529676
2022-07-21	Germany	0.94638574	0.95906603	0.9362149
2022-07-22	Germany	0.9364189	0.94859105	0.92672706
2022-07-23	Germany	0.9266408	0.93798363	0.91717106
2022-07-24	Germany	0.9165647	0.9272695	0.9079547
2022-07-25	Germany	0.9065732	0.9166393	0.8982676
2022-07-26	Germany	0.896757	0.906672	0.8888446
2022-07-27	Germany	0.8868146	0.8966863	0.8786019
2022-07-28	Germany	0.8768977	0.8868314	0.8684641
2022-07-29	Germany	0.86745864	0.87641406	0.85831463
2022-07-30	Germany	0.85818577	0.86742234	0.84850425
2022-07-31	Germany	0.848363	0.8582614	0.83858293
2022-08-01	Germany	0.83841324	0.8494916	0.82818365
2022-08-02	Germany	0.82927	0.84062356	0.8179978
2022-08-03	Germany	0.81981254	0.8318058	0.80772376
2022-08-04	Germany	0.80987895	0.82276267	0.79735327
2022-08-05	Germany	0.80038834	0.81467336	0.787003
2022-08-06	Germany	0.7911582	0.8067554	0.7772034
2022-08-07	Germany	0.7820492	0.79838485	0.7677351
2022-08-08	Germany	0.77339256	0.7899944	0.7586784
2022-08-09	Germany	0.764742	0.7819976	0.74971765
2022-08-10	Germany	0.7566595	0.77398384	0.74029917
2022-08-11	Germany	0.74881923	0.76601076	0.73117435
2022-08-12	Germany	0.74122036	0.7582158	0.72219014
2022-08-13	Germany	0.73359805	0.7506724	0.71372056
2022-08-14	Germany	0.72598475	0.7432547	0.70587504
2022-08-15	Germany	0.7184185	0.7361475	0.69810784
2022-08-16	Germany	0.7106546	0.72918034	0.69041085
2022-08-17	Germany	0.7036085	0.7220727	0.6832939
2022-08-18	Germany	0.69676185	0.71522844	0.67609876
2022-08-19	Germany	0.69006026	0.7085486	0.66966474
2022-08-20	Germany	0.683393	0.70181954	0.663298
2022-08-21	Germany	0.6770924	0.69524693	0.6572553
2022-08-22	Germany	0.67103463	0.68895006	0.6515249
2022-08-23	Germany	0.6649607	0.68252176	0.6460351
2022-08-24	Germany	0.65880334	0.6761713	0.6408061
2022-08-25	Germany	0.65364	0.6702275	0.635359
2022-08-26	Germany	0.6481716	0.6641731	0.6303825
2022-08-27	Germany	0.643239	0.65904045	0.6260584
2022-08-28	Germany	0.6384965	0.65310955	0.62141013
2022-08-29	Germany	0.6341095	0.6475435	0.61821157
2022-08-30	Germany	0.6297393	0.64220524	0.6137859
2022-08-31	Germany	0.62579465	0.6376517	0.6107583
2022-09-01	Germany	0.6219102	0.632903	0.6083711
2022-09-02	Germany	0.61899537	0.6290036	0.60575825
2022-09-03	Germany	0.61627066	0.6255172	0.60224146
2022-09-04	Germany	0.6132173	0.6226738	0.6001285
2022-09-05	Germany	0.61040986	0.6203827	0.59668916
2022-09-06	Germany	0.60782635	0.61881566	0.593249
2022-09-07	Germany	0.6052328	0.6189377	0.58933926
2022-09-08	Germany	0.60402894	0.6193939	0.5858916
2022-09-09	Germany	0.60239935	0.6201714	0.5816086
2022-09-10	Germany	0.60117185	0.62199056	0.5783123
2022-09-11	Germany	0.5996077	0.6236875	0.5750789
2022-09-12	Germany	0.59830725	0.62611717	0.57156384
2022-09-13	Germany	0.59741676	0.62970376	0.5675307
2022-09-14	Germany	0.59617406	0.63343996	0.56394416
2022-09-15	Germany	0.5947367	0.63799936	0.561336
2022-09-16	Germany	0.59437066	0.64323264	0.558765
2022-09-17	Germany	0.59520906	0.64911765	0.5562704
2022-09-18	Germany	0.5961992	0.65568507	0.5540861
2022-09-19	Germany	0.59658504	0.66295046	0.55177355
2022-09-20	Germany	0.5975561	0.6721479	0.549731
2022-09-21	Germany	0.5986434	0.681799	0.5461571
2022-09-22	Germany	0.59997016	0.691771	0.5434732
2022-09-23	Germany	0.601594	0.7027698	0.54143566
2022-09-24	Germany	0.60352284	0.71473646	0.53850985
2022-09-25	Germany	1.0	1.0	1.0
2022-09-26	Germany	1.0	1.0	1.0
2022-09-27	Germany	1.0	1.0	1.0
2022-09-28	Germany	1.0	1.0	1.0
2022-09-29	Germany	1.0	1.0	1.0
2022-09-30	Germany	1.0	1.0	1.0
2022-10-01	Germany	1.0	1.0	1.0
2022-10-02	Germany	1.0	1.0	1.0
2022-10-03	Germany	1.0	1.0	1.0
2022-10-04	Germany	1.0	1.0	1.0
2022-10-05	Germany	1.0	1.0	1.0
2022-10-06	Germany	1.0	1.0	1.0
2022-10-07	Germany	1.0	1.0	1.0
2022-10-08	Germany	1.0	1.0	1.0
2022-10-09	Germany	1.0	1.0	1.0
2022-10-10	Germany	1.0	1.0	1.0
2022-10-11	Germany	1.0	1.0	1.0
2022-10-12	Germany	1.0	1.0	1.0
2022-10-13	Germany	1.0	1.0	1.0
2022-10-14	Germany	1.0	1.0	1.0
2022-10-15	Germany	1.0	1.0	1.0
2022-10-16	Germany	1.0	1.0	1.0
2022-10-17	Germany	1.0	1.0	1.0
2022-10-18	Germany	1.0	1.0	1.0
2022-10-19	Germany	1.0	1.0	1.0
2022-10-20	Germany	1.0	1.0	1.0
2022-10-21	Germany	1.0	1.0	1.0
2022-10-22	Germany	1.0	1.0	1.0
2022-10-23	Germany	1.0	1.0	1.0
2022-10-24	Germany	1.0	1.0	1.0
2022-10-25	Germany	1.0	1.0	1.0
2022-10-26	Germany	1.0	1.0	1.0
2022-10-27	Germany	1.0	1.0	1.0
2022-10-28	Germany	1.0	1.0	1.0
2022-10-29	Germany	1.0	1.0	1.0
2022-10-30	Germany	1.0	1.0	1.0
2022-05-17	Portugal	3.2232068	3.224619	3.2224972
2022-05-18	Portugal	2.9044085	2.9055505	2.903717
2022-05-19	Portugal	2.630811	2.6317284	2.6301484
2022-05-20	Portugal	2.3951442	2.3958867	2.3945208
2022-05-21	Portugal	2.191474	2.1921237	2.1908538
2022-05-22	Portugal	2.0149136	2.015472	2.014305
2022-05-23	Portugal	1.8613925	1.8618685	1.8608102
2022-05-24	Portugal	1.7275527	1.7279855	1.7270242
2022-05-25	Portugal	1.6106046	1.6109918	1.6101092
2022-05-26	Portugal	1.5082126	1.508574	1.5077482
2022-05-27	Portugal	1.4184098	1.4187334	1.417968
2022-05-28	Portugal	1.3395429	1.3398288	1.3390937
2022-05-29	Portugal	1.2702057	1.2704763	1.2697693
2022-05-30	Portugal	1.2092186	1.2094841	1.208807
2022-05-31	Portugal	1.1555921	1.1558466	1.1551975
2022-06-01	Portugal	1.1084666	1.1087201	1.1080925
2022-06-02	Portugal	1.0671076	1.0673544	1.0667362
2022-06-03	Portugal	1.0308864	1.0311264	1.03052
2022-06-04	Portugal	0.9992625	0.999507	0.9989123
2022-06-05	Portugal	0.9717822	0.97202617	0.97143906
2022-06-06	Portugal	0.9480378	0.9482851	0.94769746
2022-06-07	Portugal	0.927688	0.92793334	0.92735094
2022-06-08	Portugal	0.91043365	0.91067725	0.91009283
2022-06-09	Portugal	0.8960149	0.8962604	0.8956701
2022-06-10	Portugal	0.88420737	0.88444996	0.8838564
2022-06-11	Portugal	0.8748106	0.8750511	0.8744543
2022-06-12	Portugal	0.86764854	0.867894	0.8672899
2022-06-13	Portugal	0.8625746	0.86282086	0.86220974
2022-06-14	Portugal	0.859455	0.8597	0.8590825
2022-06-15	Portugal	0.8581663	0.8584126	0.857789
2022-06-16	Portugal	0.8586025	0.8588525	0.85822225
2022-06-17	Portugal	0.86067414	0.8609242	0.8602868
2022-06-18	Portugal	0.864291	0.8645406	0.86389565
2022-06-19	Portugal	0.8693727	0.869622	0.86896694
2022-06-20	Portugal	0.8758424	0.876094	0.87542766
2022-06-21	Portugal	0.8836338	0.8838861	0.8832082
2022-06-22	Portugal	0.8926774	0.89293087	0.892241
2022-06-23	Portugal	0.90290713	0.90316206	0.90245986
2022-06-24	Portugal	0.91425705	0.91451406	0.9137992
2022-06-25	Portugal	0.92666066	0.9269201	0.9261921
2022-06-26	Portugal	0.9400494	0.9403117	0.9395702
2022-06-27	Portugal	0.9543517	0.95461744	0.9538622
2022-06-28	Portugal	0.9694922	0.96976244	0.9689933
2022-06-29	Portugal	0.985392	0.98566705	0.9848829
2022-06-30	Portugal	1.001966	1.0022446	1.0014435
2022-07-01	Portugal	1.0191233	1.019406	1.018587
2022-07-02	Portugal	1.0367657	1.0370533	1.0362183
2022-07-03	Portugal	1.0547886	1.0550795	1.0542289
2022-07-04	Portugal	1.0730772	1.0733716	1.0725024
2022-07-05	Portugal	1.0915104	1.0918087	1.0909196
2022-07-06	Portugal	1.1099577	1.1102601	1.1093516
2022-07-07	Portugal	1.1282787	1.1285875	1.1276597
2022-07-08	Portugal	1.1463251	1.1466445	1.1457012
2022-07-09	Portugal	1.1639445	1.1642754	1.1633197
2022-07-10	Portugal	1.1809764	1.1813161	1.180349
2022-07-11	Portugal	1.1972485	1.1975968	1.1966188
2022-07-12	Portugal	1.2125854	1.2129391	1.2119529
2022-07-13	Portugal	1.2268031	1.2271622	1.2261692
2022-07-14	Portugal	1.2397141	1.2400817	1.2390829
2022-07-15	Portugal	1.2511361	1.2515097	1.2505062
2022-07-16	Portugal	1.2608799	1.2612591	1.2602521
2022-07-17	Portugal	1.2687598	1.2691439	1.2681347
2022-07-18	Portugal	1.2745951	1.2749832	1.2739729
2022-07-19	Portugal	1.2782133	1.2786027	1.2775922
2022-07-20	Portugal	1.2794464	1.2798377	1.2788274
2022-07-21	Portugal	1.2781844	1.2785752	1.2775664
2022-07-22	Portugal	1.2744904	1.2748785	1.2738726
2022-07-23	Portugal	1.2684777	1.268865	1.2678633
2022-07-24	Portugal	1.2602801	1.2606633	1.2596667
2022-07-25	Portugal	1.2500322	1.2504103	1.2494203
2022-07-26	Portugal	1.2378776	1.2382513	1.2372689
2022-07-27	Portugal	1.2239648	1.2243365	1.2233627
2022-07-28	Portugal	1.208451	1.2088192	1.207855
2022-07-29	Portugal	1.1914926	1.1918547	1.1909012
2022-07-30	Portugal	1.173239	1.1735977	1.1726568
2022-07-31	Portugal	1.1538477	1.1542027	1.1532761
2022-08-01	Portugal	1.1334717	1.1338228	1.1329111
2022-08-02	Portugal	1.1122587	1.1126055	1.1117098
2022-08-03	Portugal	1.0903525	1.0906967	1.0898155
2022-08-04	Portugal	1.0678912	1.068232	1.0673659
2022-08-05	Portugal	1.0450065	1.0453428	1.0444927
2022-08-06	Portugal	1.0218236	1.0221531	1.0213209
2022-08-07	Portugal	0.9984611	0.9987821	0.997968
2022-08-08	Portugal	0.9750276	0.9753398	0.97454405
2022-08-09	Portugal	0.95162463	0.9519314	0.95115125
2022-08-10	Portugal	0.92834795	0.92864954	0.92788297
2022-08-11	Portugal	0.90528554	0.9055807	0.9048313
2022-08-12	Portugal	0.88251525	0.8828045	0.8820703
2022-08-13	Portugal	0.8601096	0.86039305	0.8596692
2022-08-14	Portugal	0.83813393	0.8384113	0.83769745
2022-08-15	Portugal	0.81664586	0.81691724	0.81621385
2022-08-16	Portugal	0.7956968	0.7959627	0.7952725
2022-08-17	Portugal	0.7753328	0.7755931	0.77491826
2022-08-18	Portugal	0.75559366	0.7558475	0.7551882
2022-08-19	Portugal	0.73651403	0.73675996	0.73611385
2022-08-20	Portugal	0.71812403	0.71836144	0.7177312
2022-08-21	Portugal	0.7004484	0.7006775	0.7000614
2022-08-22	Portugal	0.68350875	0.68372893	0.68312687
2022-08-23	Portugal	0.6673233	0.6675358	0.6669514
2022-08-24	Portugal	0.6519077	0.6521113	0.65154225
2022-08-25	Portugal	0.6372739	0.63746834	0.6369123
2022-08-26	Portugal	0.62343115	0.6236172	0.6230742
2022-08-27	Portugal	0.6103872	0.61057	0.610039
2022-08-28	Portugal	0.59815156	0.59833443	0.5978079
2022-08-29	Portugal	0.5867324	0.5869084	0.58639544
2022-08-30	Portugal	0.5761324	0.57630146	0.5758045
2022-08-31	Portugal	0.5663617	0.56652117	0.5660352
2022-09-01	Portugal	0.5574238	0.5575749	0.5570992
2022-09-02	Portugal	0.5493237	0.5494741	0.5490048
2022-09-03	Portugal	0.54207134	0.5422173	0.541759
2022-09-04	Portugal	0.5356769	0.5358191	0.53537124
2022-09-05	Portugal	0.53015053	0.53029186	0.52985364
2022-09-06	Portugal	0.52551425	0.52565426	0.52522063
2022-09-07	Portugal	0.52178353	0.5219138	0.52148944
2022-09-08	Portugal	0.51897126	0.51909995	0.518681
2022-09-09	Portugal	0.5171058	0.5172365	0.51681966
2022-09-10	Portugal	0.5162164	0.5163439	0.51593584
2022-09-11	Portugal	0.5163401	0.51646227	0.51605785
2022-09-12	Portugal	0.51751286	0.51763135	0.51723164
2022-09-13	Portugal	0.51978016	0.51989913	0.5195018
2022-09-14	Portugal	0.5231998	0.523322	0.5229224
2022-09-15	Portugal	0.527825	0.52795565	0.5275561
2022-09-16	Portugal	0.5337428	0.53388053	0.53347504
2022-09-17	Portugal	0.54102874	0.5411746	0.5407624
2022-09-18	Portugal	0.54978526	0.5499354	0.54951406
2022-09-19	Portugal	0.56011367	0.56027126	0.55983996
2022-09-20	Portugal	0.5721364	0.57230866	0.57186633
2022-09-21	Portugal	0.58601063	0.5861898	0.5857375
2022-09-22	Portugal	1.0	1.0	1.0
2022-09-23	Portugal	1.0	1.0	1.0
2022-09-24	Portugal	1.0	1.0	1.0
2022-09-25	Portugal	1.0	1.0	1.0
2022-09-26	Portugal	1.0	1.0	1.0
2022-09-27	Portugal	1.0	1.0	1.0
2022-09-28	Portugal	1.0	1.0	1.0
2022-09-29	Portugal	1.0	1.0	1.0
2022-09-30	Portugal	1.0	1.0	1.0
2022-10-01	Portugal	1.0	1.0	1.0
2022-10-02	Portugal	1.0	1.0	1.0
2022-10-03	Portugal	1.0	1.0	1.0
2022-10-04	Portugal	1.0	1.0	1.0
2022-10-05	Portugal	1.0	1.0	1.0
2022-10-06	Portugal	1.0	1.0	1.0
2022-10-07	Portugal	1.0	1.0	1.0
2022-10-08	Portugal	1.0	1.0	1.0
2022-10-09	Portugal	1.0	1.0	1.0
2022-10-10	Portugal	1.0	1.0	1.0
2022-10-11	Portugal	1.0	1.0	1.0
2022-10-12	Portugal	1.0	1.0	1.0
2022-10-13	Portugal	1.0	1.0	1.0
2022-10-14	Portugal	1.0	1.0	1.0
2022-10-15	Portugal	1.0	1.0	1.0
2022-10-16	Portugal	1.0	1.0	1.0
2022-10-17	Portugal	1.0	1.0	1.0
2022-10-18	Portugal	1.0	1.0	1.0
2022-10-19	Portugal	1.0	1.0	1.0
2022-10-20	Portugal	1.0	1.0	1.0
2022-10-21	Portugal	1.0	1.0	1.0
2022-10-22	Portugal	1.0	1.0	1.0
2022-10-23	Portugal	1.0	1.0	1.0
2022-10-24	Portugal	1.0	1.0	1.0
2022-10-25	Portugal	1.0	1.0	1.0
2022-10-26	Portugal	1.0	1.0	1.0
2022-10-27	Portugal	1.0	1.0	1.0
2022-10-28	Portugal	1.0	1.0	1.0
2022-10-29	Portugal	1.0	1.0	1.0
2022-10-30	Portugal	1.0	1.0	1.0
2022-05-18	Spain	0.90370405	1.113864	0.8114839
2022-05-19	Spain	0.96191883	1.169052	0.8691581
2022-05-20	Spain	1.0202837	1.2237256	0.92808056
2022-05-21	Spain	1.0792844	1.2767931	0.9877813
2022-05-22	Spain	1.1382382	1.3275107	1.047643
2022-05-23	Spain	1.1958339	1.3769293	1.1071903
2022-05-24	Spain	1.2535348	1.4246883	1.1660446
2022-05-25	Spain	1.3104762	1.4706692	1.2245251
2022-05-26	Spain	1.3657565	1.5147283	1.2821898
2022-05-27	Spain	1.4175897	1.5566844	1.3387047
2022-05-28	Spain	1.4684609	1.5963707	1.3937722
2022-05-29	Spain	1.5186383	1.6336379	1.4444137
2022-05-30	Spain	1.5642554	1.6698606	1.4945703
2022-05-31	Spain	1.6081871	1.705779	1.5442379
2022-06-01	Spain	1.6491485	1.734558	1.587714
2022-06-02	Spain	1.6884379	1.7606667	1.629351
2022-06-03	Spain	1.7241623	1.7876995	1.6677384
2022-06-04	Spain	1.7564003	1.8090577	1.7052131
2022-06-05	Spain	1.7858758	1.830574	1.7372608
2022-06-06	Spain	1.8107445	1.8476912	1.7681898
2022-06-07	Spain	1.8327057	1.8620214	1.7918725
2022-06-08	Spain	1.8476012	1.8797239	1.8136898
2022-06-09	Spain	1.8604589	1.8929409	1.8308402
2022-06-10	Spain	1.8715594	1.9018661	1.8433915
2022-06-11	Spain	1.8787129	1.9105242	1.8529705
2022-06-12	Spain	1.8845661	1.916803	1.8548939
2022-06-13	Spain	1.8853728	1.9202223	1.8529056
2022-06-14	Spain	1.8838705	1.9203154	1.8504992
2022-06-15	Spain	1.8797779	1.9147272	1.844024
2022-06-16	Spain	1.8727012	1.9106299	1.8328921
2022-06-17	Spain	1.8644372	1.901256	1.8190401
2022-06-18	Spain	1.8523866	1.8894953	1.8042002
2022-06-19	Spain	1.8376042	1.8768564	1.7877704
2022-06-20	Spain	1.8218398	1.8621968	1.7710984
2022-06-21	Spain	1.8040476	1.8442334	1.7531424
2022-06-22	Spain	1.783646	1.822899	1.7305744
2022-06-23	Spain	1.7623281	1.79966	1.7064872
2022-06-24	Spain	1.7389723	1.775896	1.681493
2022-06-25	Spain	1.7135258	1.751086	1.6567669
2022-06-26	Spain	1.6871176	1.7230979	1.6312124
2022-06-27	Spain	1.6604152	1.6942261	1.604543
2022-06-28	Spain	1.6329304	1.6641572	1.5769058
2022-06-29	Spain	1.6035568	1.6340584	1.548671
2022-06-30	Spain	1.5742145	1.6031231	1.5203639
2022-07-01	Spain	1.5445504	1.572039	1.492438
2022-07-02	Spain	1.5140226	1.5406034	1.4650755
2022-07-03	Spain	1.4838374	1.5085263	1.4379467
2022-07-04	Spain	1.4535805	1.4764516	1.4099422
2022-07-05	Spain	1.4230529	1.4439094	1.3820434
2022-07-06	Spain	1.3927255	1.4130952	1.3538468
2022-07-07	Spain	1.3630608	1.3817315	1.327361
2022-07-08	Spain	1.3334575	1.3504435	1.3001946
2022-07-09	Spain	1.3045535	1.3197491	1.2732832
2022-07-10	Spain	1.2755647	1.2898242	1.2466418
2022-07-11	Spain	1.2468386	1.2604421	1.2205334
2022-07-12	Spain	1.2188567	1.2327428	1.1948066
2022-07-13	Spain	1.1917229	1.2054591	1.1706958
2022-07-14	Spain	1.1652079	1.1794198	1.1463087
2022-07-15	Spain	1.139065	1.1537544	1.1222914
2022-07-16	Spain	1.1142623	1.1289779	1.0991768
2022-07-17	Spain	1.0911065	1.1052399	1.0763744
2022-07-18	Spain	1.0681307	1.0823485	1.0550956
2022-07-19	Spain	1.0464807	1.0606011	1.0339036
2022-07-20	Spain	1.0259435	1.039999	1.0135736
2022-07-21	Spain	1.0066206	1.0199553	0.99390423
2022-07-22	Spain	0.98836255	1.001618	0.9750266
2022-07-23	Spain	0.97008634	0.98358965	0.95593154
2022-07-24	Spain	0.95367	0.9663917	0.9382809
2022-07-25	Spain	0.9379864	0.95030767	0.9212752
2022-07-26	Spain	0.92228305	0.93513846	0.90525454
2022-07-27	Spain	0.90788877	0.9211861	0.8901015
2022-07-28	Spain	0.8940115	0.9073582	0.87581193
2022-07-29	Spain	0.88097715	0.89407295	0.86160105
2022-07-30	Spain	0.86849916	0.8820345	0.84845996
2022-07-31	Spain	0.8561748	0.8698323	0.8358673
2022-08-01	Spain	0.8442503	0.8589798	0.8243843
2022-08-02	Spain	0.83285993	0.84830445	0.8133576
2022-08-03	Spain	0.8220506	0.83821654	0.80272263
2022-08-04	Spain	0.81197417	0.8290162	0.7926048
2022-08-05	Spain	0.8025589	0.8202989	0.78296053
2022-08-06	Spain	0.79347205	0.81199974	0.77384615
2022-08-07	Spain	0.78485256	0.8039156	0.7651106
2022-08-08	Spain	0.7765844	0.79661816	0.7567814
2022-08-09	Spain	0.768636	0.78954935	0.7488877
2022-08-10	Spain	0.7608144	0.78279406	0.74179655
2022-08-11	Spain	0.75396234	0.776142	0.73507285
2022-08-12	Spain	0.7475551	0.7697571	0.7287363
2022-08-13	Spain	0.7414017	0.7636287	0.7227848
2022-08-14	Spain	0.7355454	0.75776744	0.7174499
2022-08-15	Spain	0.7297318	0.7521533	0.712322
2022-08-16	Spain	0.7239806	0.7468433	0.7075235
2022-08-17	Spain	0.718792	0.7419129	0.7031603
2022-08-18	Spain	0.7141292	0.7371906	0.69898933
2022-08-19	Spain	0.7101963	0.73239964	0.6952159
2022-08-20	Spain	0.7059653	0.7275627	0.690805
2022-08-21	Spain	0.70230544	0.72365224	0.6877537
2022-08-22	Spain	0.69928217	0.71946776	0.68501735
2022-08-23	Spain	0.6964301	0.7155645	0.68206155
2022-08-24	Spain	0.69365513	0.711319	0.6787105
2022-08-25	Spain	0.69078565	0.7071472	0.67559195
2022-08-26	Spain	0.6885056	0.70300204	0.6730415
2022-08-27	Spain	0.6866431	0.69889784	0.67126817
2022-08-28	Spain	0.6849741	0.6955881	0.67007685
2022-08-29	Spain	0.6832971	0.69259876	0.6685882
2022-08-30	Spain	0.6811934	0.6901747	0.6668883
2022-08-31	Spain	0.6787464	0.68905157	0.66541016
2022-09-01	Spain	0.67694044	0.68795305	0.6628376
2022-09-02	Spain	0.67480826	0.6871584	0.66078126
2022-09-03	Spain	0.67344856	0.68724024	0.65970063
2022-09-04	Spain	0.67249745	0.68754107	0.6573792
2022-09-05	Spain	0.67146873	0.6878671	0.6547916
2022-09-06	Spain	0.6708629	0.68855524	0.65194964
2022-09-07	Spain	0.670107	0.6893844	0.64963543
2022-09-08	Spain	0.67005926	0.6904234	0.6456144
2022-09-09	Spain	0.6698841	0.69158965	0.64245707
2022-09-10	Spain	0.66984224	0.6929116	0.63886315
2022-09-11	Spain	0.6697576	0.69438434	0.63420403
2022-09-12	Spain	0.66921794	0.6967709	0.63050103
2022-09-13	Spain	0.66881835	0.6994673	0.62770945
2022-09-14	Spain	0.6677959	0.7023728	0.6239999
2022-09-15	Spain	0.66806626	0.70566446	0.6204873
2022-09-16	Spain	0.66865873	0.7102217	0.6153875
2022-09-17	Spain	0.6687422	0.7140323	0.61217827
2022-09-18	Spain	0.6688577	0.71896976	0.60818326
2022-09-19	Spain	0.66992	0.72282666	0.6030309
2022-09-20	Spain	0.6703954	0.72780377	0.5977299
2022-09-21	Spain	0.6706486	0.7330442	0.5922755
2022-09-22	Spain	0.6714074	0.7368638	0.58666354
2022-09-23	Spain	1.0	1.0	1.0
2022-09-24	Spain	1.0	1.0	1.0
2022-09-25	Spain	1.0	1.0	1.0
2022-09-26	Spain	1.0	1.0	1.0
2022-09-27	Spain	1.0	1.0	1.0
2022-09-28	Spain	1.0	1.0	1.0
2022-09-29	Spain	1.0	1.0	1.0
2022-09-30	Spain	1.0	1.0	1.0
2022-10-01	Spain	1.0	1.0	1.0
2022-10-02	Spain	1.0	1.0	1.0
2022-10-03	Spain	1.0	1.0	1.0
2022-10-04	Spain	1.0	1.0	1.0
2022-10-05	Spain	1.0	1.0	1.0
2022-10-06	Spain	1.0	1.0	1.0
2022-10-07	Spain	1.0	1.0	1.0
2022-10-08	Spain	1.0	1.0	1.0
2022-10-09	Spain	1.0	1.0	1.0
2022-10-10	Spain	1.0	1.0	1.0
2022-10-11	Spain	1.0	1.0	1.0
2022-10-12	Spain	1.0	1.0	1.0
2022-10-13	Spain	1.0	1.0	1.0
2022-10-14	Spain	1.0	1.0	1.0
2022-10-15	Spain	1.0	1.0	1.0
2022-10-16	Spain	1.0	1.0	1.0
2022-10-17	Spain	1.0	1.0	1.0
2022-10-18	Spain	1.0	1.0	1.0
2022-10-19	Spain	1.0	1.0	1.0
2022-10-20	Spain	1.0	1.0	1.0
2022-10-21	Spain	1.0	1.0	1.0
2022-10-22	Spain	1.0	1.0	1.0
2022-10-23	Spain	1.0	1.0	1.0
2022-10-24	Spain	1.0	1.0	1.0
2022-10-25	Spain	1.0	1.0	1.0
2022-10-26	Spain	1.0	1.0	1.0
2022-10-27	Spain	1.0	1.0	1.0
2022-10-28	Spain	1.0	1.0	1.0
2022-10-29	Spain	1.0	1.0	1.0
2022-10-30	Spain	1.0	1.0	1.0
2022-05-07	United Kingdom	2.1747077	2.4574723	2.029222
2022-05-08	United Kingdom	2.1798968	2.4560761	2.044954
2022-05-09	United Kingdom	2.1887045	2.4556231	2.0637228
2022-05-10	United Kingdom	2.1980705	2.4514291	2.0799315
2022-05-11	United Kingdom	2.206493	2.4455523	2.0886927
2022-05-12	United Kingdom	2.211271	2.4347715	2.090232
2022-05-13	United Kingdom	2.2118528	2.423664	2.0946581
2022-05-14	United Kingdom	2.211532	2.4095068	2.095857
2022-05-15	United Kingdom	2.2114184	2.393507	2.0920641
2022-05-16	United Kingdom	2.2090566	2.3760436	2.0889063
2022-05-17	United Kingdom	2.2044196	2.3597033	2.084312
2022-05-18	United Kingdom	2.196137	2.3424826	2.0761743
2022-05-19	United Kingdom	2.1858537	2.322732	2.0652795
2022-05-20	United Kingdom	2.1732302	2.3010566	2.0516393
2022-05-21	United Kingdom	2.159031	2.279374	2.0365283
2022-05-22	United Kingdom	2.1446462	2.256871	2.021212
2022-05-23	United Kingdom	2.1273036	2.2332675	2.0059903
2022-05-24	United Kingdom	2.108838	2.2076848	1.989996
2022-05-25	United Kingdom	2.0898862	2.1803136	1.9721869
2022-05-26	United Kingdom	2.0714774	2.1541243	1.9536991
2022-05-27	United Kingdom	2.0517733	2.127464	1.9348456
2022-05-28	United Kingdom	2.0302153	2.099113	1.9170051
2022-05-29	United Kingdom	2.00563	2.0683594	1.8962471
2022-05-30	United Kingdom	1.9806342	2.038287	1.8733596
2022-05-31	United Kingdom	1.9540627	2.0071678	1.8500918
2022-06-01	United Kingdom	1.925473	1.9759048	1.8272933
2022-06-02	United Kingdom	1.8952864	1.9456409	1.8029144
2022-06-03	United Kingdom	1.8674659	1.9147288	1.778211
2022-06-04	United Kingdom	1.8384515	1.8841697	1.753201
2022-06-05	United Kingdom	1.8094702	1.8539357	1.7279453
2022-06-06	United Kingdom	1.7800438	1.8221507	1.7024513
2022-06-07	United Kingdom	1.7507471	1.7895992	1.6776642
2022-06-08	United Kingdom	1.7197542	1.757696	1.6524354
2022-06-09	United Kingdom	1.6908815	1.7263336	1.6266494
2022-06-10	United Kingdom	1.6610043	1.6969953	1.6009065
2022-06-11	United Kingdom	1.6308889	1.6664667	1.5752908
2022-06-12	United Kingdom	1.6020157	1.6363097	1.5503129
2022-06-13	United Kingdom	1.5744798	1.6059612	1.5256597
2022-06-14	United Kingdom	1.5454631	1.5766878	1.5011389
2022-06-15	United Kingdom	1.5172622	1.5476071	1.4768411
2022-06-16	United Kingdom	1.4891876	1.5181344	1.4519197
2022-06-17	United Kingdom	1.4616028	1.4891173	1.4267472
2022-06-18	United Kingdom	1.4342794	1.4618006	1.4024221
2022-06-19	United Kingdom	1.4087722	1.4337436	1.3777522
2022-06-20	United Kingdom	1.3820791	1.4080958	1.3540145
2022-06-21	United Kingdom	1.3571978	1.3821498	1.3290359
2022-06-22	United Kingdom	1.3326659	1.3566208	1.3050085
2022-06-23	United Kingdom	1.3075722	1.3317035	1.2818881
2022-06-24	United Kingdom	1.2838274	1.307693	1.2598977
2022-06-25	United Kingdom	1.2605896	1.2837712	1.2370372
2022-06-26	United Kingdom	1.2373354	1.2608244	1.2159579
2022-06-27	United Kingdom	1.2144929	1.2393314	1.1953504
2022-06-28	United Kingdom	1.1927204	1.2178172	1.173918
2022-06-29	United Kingdom	1.1716285	1.1967313	1.1530807
2022-06-30	United Kingdom	1.1511444	1.1761273	1.1333443
2022-07-01	United Kingdom	1.1318898	1.156155	1.1139776
2022-07-02	United Kingdom	1.1132362	1.1370269	1.0954612
2022-07-03	United Kingdom	1.0950656	1.1184998	1.077102
2022-07-04	United Kingdom	1.0782562	1.1006593	1.059708
2022-07-05	United Kingdom	1.0612645	1.0832337	1.043086
2022-07-06	United Kingdom	1.0451348	1.0663369	1.0271724
2022-07-07	United Kingdom	1.0299773	1.0507457	1.0116446
2022-07-08	United Kingdom	1.0151649	1.0357484	0.9967037
2022-07-09	United Kingdom	1.0014012	1.0217812	0.9821228
2022-07-10	United Kingdom	0.9878522	1.0077319	0.9682919
2022-07-11	United Kingdom	0.97502494	0.9952445	0.9551049
2022-07-12	United Kingdom	0.9623165	0.98240304	0.9422006
2022-07-13	United Kingdom	0.9505604	0.9702115	0.93033516
2022-07-14	United Kingdom	0.9401401	0.9595148	0.91942906
2022-07-15	United Kingdom	0.9297174	0.948419	0.90831435
2022-07-16	United Kingdom	0.92063975	0.9392592	0.89772296
2022-07-17	United Kingdom	0.9112168	0.9298886	0.8880449
2022-07-18	United Kingdom	0.9019672	0.92114305	0.87928563
2022-07-19	United Kingdom	0.89318657	0.9129117	0.87054145
2022-07-20	United Kingdom	0.88533807	0.90523624	0.8619311
2022-07-21	United Kingdom	0.8777511	0.8969347	0.8538059
2022-07-22	United Kingdom	0.87035656	0.8891357	0.84672034
2022-07-23	United Kingdom	0.86340606	0.881918	0.8401373
2022-07-24	United Kingdom	0.8566383	0.87552035	0.8337156
2022-07-25	United Kingdom	0.85042083	0.86937654	0.8276051
2022-07-26	United Kingdom	0.8444638	0.86334985	0.82186157
2022-07-27	United Kingdom	0.8386683	0.8575343	0.81603986
2022-07-28	United Kingdom	0.8331051	0.85199225	0.81030554
2022-07-29	United Kingdom	0.82788974	0.84668976	0.80511653
2022-07-30	United Kingdom	0.8233044	0.8415802	0.800329
2022-07-31	United Kingdom	0.8185061	0.83667564	0.79574823
2022-08-01	United Kingdom	0.81391156	0.8323109	0.7917593
2022-08-02	United Kingdom	0.80947256	0.8281458	0.7874251
2022-08-03	United Kingdom	0.80499434	0.8235453	0.78365517
2022-08-04	United Kingdom	0.8005658	0.8191844	0.77990824
2022-08-05	United Kingdom	0.79662883	0.81515783	0.7762793
2022-08-06	United Kingdom	0.7930951	0.81136113	0.77312034
2022-08-07	United Kingdom	0.78999484	0.8076666	0.77028364
2022-08-08	United Kingdom	0.786944	0.80402946	0.76767206
2022-08-09	United Kingdom	0.7840631	0.80050886	0.7651947
2022-08-10	United Kingdom	0.7813554	0.7974899	0.7630018
2022-08-11	United Kingdom	0.77837235	0.7942747	0.7608713
2022-08-12	United Kingdom	0.7751335	0.7905329	0.7588382
2022-08-13	United Kingdom	0.7721951	0.78735495	0.75731474
2022-08-14	United Kingdom	0.7697035	0.78442985	0.75558496
2022-08-15	United Kingdom	0.76763546	0.78185606	0.7536875
2022-08-16	United Kingdom	0.7654288	0.7794347	0.7521457
2022-08-17	United Kingdom	0.76355463	0.7767132	0.7499491
2022-08-18	United Kingdom	0.761263	0.7745801	0.74717325
2022-08-19	United Kingdom	0.75891954	0.7724059	0.7450859
2022-08-20	United Kingdom	0.75647664	0.7707067	0.74275106
2022-08-21	United Kingdom	0.75402176	0.7682528	0.7398942
2022-08-22	United Kingdom	0.751806	0.76647425	0.73584384
2022-08-23	United Kingdom	0.75011814	0.76492125	0.731713
2022-08-24	United Kingdom	0.7483444	0.7634557	0.72898537
2022-08-25	United Kingdom	0.7456796	0.7627296	0.7252845
2022-08-26	United Kingdom	0.7428285	0.76102763	0.72232014
2022-08-27	United Kingdom	0.7407747	0.7607888	0.71848035
2022-08-28	United Kingdom	0.7377668	0.7608148	0.7142312
2022-08-29	United Kingdom	0.734557	0.7598028	0.70972294
2022-08-30	United Kingdom	0.7315364	0.7592137	0.7055972
2022-08-31	United Kingdom	0.7278613	0.759742	0.7013075
2022-09-01	United Kingdom	0.72448957	0.76031446	0.69715923
2022-09-02	United Kingdom	0.72119755	0.76086086	0.692125
2022-09-03	United Kingdom	0.71791977	0.761441	0.6873303
2022-09-04	United Kingdom	0.714616	0.7619849	0.68226767
2022-09-05	United Kingdom	0.7106422	0.76123047	0.67721725
2022-09-06	United Kingdom	0.7067963	0.7612654	0.6722861
2022-09-07	United Kingdom	0.70292044	0.76179296	0.66690207
2022-09-08	United Kingdom	0.69905436	0.76179653	0.66111016
2022-09-09	United Kingdom	0.69466066	0.7624717	0.65495104
2022-09-10	United Kingdom	0.6899432	0.76267284	0.6482049
2022-09-11	United Kingdom	0.68513554	0.7623492	0.6409381
2022-09-12	United Kingdom	1.0	1.0	1.0
2022-09-13	United Kingdom	1.0	1.0	1.0
2022-09-14	United Kingdom	1.0	1.0	1.0
2022-09-15	United Kingdom	1.0	1.0	1.0
2022-09-16	United Kingdom	1.0	1.0	1.0
2022-09-17	United Kingdom	1.0	1.0	1.0
2022-09-18	United Kingdom	1.0	1.0	1.0
2022-09-19	United Kingdom	1.0	1.0	1.0
2022-09-20	United Kingdom	1.0	1.0	1.0
2022-09-21	United Kingdom	1.0	1.0	1.0
2022-09-22	United Kingdom	1.0	1.0	1.0
2022-09-23	United Kingdom	1.0	1.0	1.0
2022-09-24	United Kingdom	1.0	1.0	1.0
2022-09-25	United Kingdom	1.0	1.0	1.0
2022-09-26	United Kingdom	1.0	1.0	1.0
2022-09-27	United Kingdom	1.0	1.0	1.0
2022-09-28	United Kingdom	1.0	1.0	1.0
2022-09-29	United Kingdom	1.0	1.0	1.0
2022-09-30	United Kingdom	1.0	1.0	1.0
2022-10-01	United Kingdom	1.0	1.0	1.0
2022-10-02	United Kingdom	1.0	1.0	1.0
2022-10-03	United Kingdom	1.0	1.0	1.0
2022-10-04	United Kingdom	1.0	1.0	1.0
2022-10-05	United Kingdom	1.0	1.0	1.0
2022-10-06	United Kingdom	1.0	1.0	1.0
2022-10-07	United Kingdom	1.0	1.0	1.0
2022-10-08	United Kingdom	1.0	1.0	1.0
2022-10-09	United Kingdom	1.0	1.0	1.0
2022-10-10	United Kingdom	1.0	1.0	1.0
2022-10-11	United Kingdom	1.0	1.0	1.0
2022-10-12	United Kingdom	1.0	1.0	1.0
2022-10-13	United Kingdom	1.0	1.0	1.0
2022-10-14	United Kingdom	1.0	1.0	1.0
2022-10-15	United Kingdom	1.0	1.0	1.0
2022-10-16	United Kingdom	1.0	1.0	1.0
2022-10-17	United Kingdom	1.0	1.0	1.0
2022-10-18	United Kingdom	1.0	1.0	1.0
2022-10-19	United Kingdom	1.0	1.0	1.0
2022-10-20	United Kingdom	1.0	1.0	1.0
2022-10-21	United Kingdom	1.0	1.0	1.0
2022-10-22	United Kingdom	1.0	1.0	1.0
2022-10-23	United Kingdom	1.0	1.0	1.0
2022-10-24	United Kingdom	1.0	1.0	1.0
2022-10-25	United Kingdom	1.0	1.0	1.0
2022-10-26	United Kingdom	1.0	1.0	1.0
2022-10-27	United Kingdom	1.0	1.0	1.0
2022-10-28	United Kingdom	1.0	1.0	1.0
2022-10-29	United Kingdom	1.0	1.0	1.0
2022-10-30	United Kingdom	1.0	1.0	1.0
2022-06-03	United States	1.0578389	1.2047946	0.9564518
2022-06-04	United States	1.1175184	1.2596163	1.0188682
2022-06-05	United States	1.1765124	1.3129283	1.0847896
2022-06-06	United States	1.2359186	1.3654181	1.1471752
2022-06-07	United States	1.2952473	1.4190675	1.2096691
2022-06-08	United States	1.3540776	1.4738477	1.2725047
2022-06-09	United States	1.4133666	1.5243334	1.3361785
2022-06-10	United States	1.4711081	1.5765065	1.3920155
2022-06-11	United States	1.5305963	1.6301911	1.449049
2022-06-12	United States	1.5902791	1.6799546	1.503719
2022-06-13	United States	1.6462712	1.7301669	1.5650011
2022-06-14	United States	1.6965313	1.7793474	1.6132138
2022-06-15	United States	1.7449787	1.8253195	1.6610088
2022-06-16	United States	1.7935245	1.8656994	1.703513
2022-06-17	United States	1.8385017	1.8988396	1.7440219
2022-06-18	United States	1.8806276	1.9314625	1.7855834
2022-06-19	United States	1.9171642	1.9665397	1.8265847
2022-06-20	United States	1.9536098	2.0021007	1.8658246
2022-06-21	United States	1.9838712	2.033839	1.9013245
2022-06-22	United States	2.0109334	2.063328	1.9318742
2022-06-23	United States	2.0325084	2.0926218	1.9600395
2022-06-24	United States	2.0506115	2.1200848	1.9828222
2022-06-25	United States	2.065181	2.1434553	2.001713
2022-06-26	United States	2.0792515	2.163121	2.0166335
2022-06-27	United States	2.0881252	2.178994	2.0315623
2022-06-28	United States	2.0956225	2.1905878	2.0399055
2022-06-29	United States	2.1016645	2.1985018	2.0449817
2022-06-30	United States	2.1038296	2.2015557	2.0479863
2022-07-01	United States	2.1029613	2.1988356	2.0474675
2022-07-02	United States	2.1013246	2.1943185	2.0435371
2022-07-03	United States	2.094256	2.1881094	2.0383935
2022-07-04	United States	2.0859227	2.17888	2.0322986
2022-07-05	United States	2.0754938	2.1676085	2.0256956
2022-07-06	United States	2.063115	2.1529963	2.0133483
2022-07-07	United States	2.0486364	2.133734	2.0003614
2022-07-08	United States	2.0308824	2.1132374	1.9840281
2022-07-09	United States	2.011448	2.0921023	1.964868
2022-07-10	United States	1.9904444	2.0669627	1.9458836
2022-07-11	United States	1.9677186	2.0398924	1.9272802
2022-07-12	United States	1.9438863	2.0111825	1.9047333
2022-07-13	United States	1.9193839	1.981763	1.8811052
2022-07-14	United States	1.8937976	1.9515963	1.8553681
2022-07-15	United States	1.8665814	1.9205065	1.829474
2022-07-16	United States	1.8382344	1.887521	1.80388
2022-07-17	United States	1.8108108	1.8541392	1.7761215
2022-07-18	United States	1.7810357	1.8223748	1.7478281
2022-07-19	United States	1.7514143	1.7902247	1.7201779
2022-07-20	United States	1.7218968	1.7566459	1.690377
2022-07-21	United States	1.6917613	1.7243522	1.661474
2022-07-22	United States	1.6616476	1.6909484	1.6325037
2022-07-23	United States	1.6309394	1.6584628	1.6022775
2022-07-24	United States	1.6003118	1.6265863	1.5738477
2022-07-25	United States	1.5696707	1.5956993	1.5453318
2022-07-26	United States	1.5391365	1.564941	1.515836
2022-07-27	United States	1.5097003	1.5347761	1.4881501
2022-07-28	United States	1.480284	1.5061859	1.4610413
2022-07-29	United States	1.4523952	1.4770708	1.4329021
2022-07-30	United States	1.4231646	1.4480069	1.4058528
2022-07-31	United States	1.3961875	1.4204957	1.3777809
2022-08-01	United States	1.3693389	1.3937718	1.3507526
2022-08-02	United States	1.3433667	1.3681123	1.323853
2022-08-03	United States	1.3185108	1.3435928	1.2985085
2022-08-04	United States	1.2942592	1.3194958	1.2743808
2022-08-05	United States	1.2703377	1.2960322	1.2507036
2022-08-06	United States	1.2478006	1.2725064	1.227418
2022-08-07	United States	1.2262356	1.2507125	1.2053403
2022-08-08	United States	1.2054626	1.2296557	1.1840703
2022-08-09	United States	1.1854084	1.2093132	1.1640176
2022-08-10	United States	1.1662272	1.1899159	1.1449249
2022-08-11	United States	1.1478372	1.1710141	1.1269941
2022-08-12	United States	1.1306008	1.1527891	1.1090605
2022-08-13	United States	1.1129185	1.1355131	1.0920677
2022-08-14	United States	1.0962622	1.1187527	1.075613
2022-08-15	United States	1.080193	1.1024481	1.0604005
2022-08-16	United States	1.0645146	1.0867541	1.0459399
2022-08-17	United States	1.0491765	1.0715516	1.0320385
2022-08-18	United States	1.0350463	1.0566876	1.0181867
2022-08-19	United States	1.0215135	1.0424942	1.0049957
2022-08-20	United States	1.0079973	1.028603	0.99177444
2022-08-21	United States	0.99525523	1.0152084	0.97854954
2022-08-22	United States	0.9837633	1.0023904	0.9665075
2022-08-23	United States	0.9721503	0.9905305	0.9555942
2022-08-24	United States	0.96108115	0.97821856	0.9449211
2022-08-25	United States	0.95098567	0.9666109	0.9351014
2022-08-26	United States	0.94084287	0.9558145	0.925489
2022-08-27	United States	0.93097115	0.9458357	0.9157696
2022-08-28	United States	0.92210686	0.9355656	0.9059502
2022-08-29	United States	0.913288	0.9263413	0.89703625
2022-08-30	United States	0.9043241	0.91740435	0.88815475
2022-08-31	United States	0.8955889	0.9082048	0.8792592
2022-09-01	United States	0.88713014	0.89965385	0.87108374
2022-09-02	United States	0.87904143	0.8906956	0.8636976
2022-09-03	United States	0.8714783	0.8823781	0.8563095
2022-09-04	United States	0.8645651	0.8748357	0.84921867
2022-09-05	United States	0.8571133	0.8683885	0.84216344
2022-09-06	United States	0.850337	0.8621236	0.8358729
2022-09-07	United States	0.844035	0.8559108	0.82954067
2022-09-08	United States	0.8379127	0.8501694	0.82363147
2022-09-09	United States	0.83213043	0.84398156	0.81656575
2022-09-10	United States	0.8262924	0.8382007	0.8107302
2022-09-11	United States	0.820709	0.8333034	0.80551404
2022-09-12	United States	0.81549877	0.82862496	0.8002074
2022-09-13	United States	0.81025285	0.82342637	0.79519176
2022-09-14	United States	0.8054133	0.81930685	0.7901796
2022-09-15	United States	0.8002791	0.8146519	0.7849532
2022-09-16	United States	0.79592466	0.8103565	0.7807381
2022-09-17	United States	0.79189354	0.8060502	0.7766957
2022-09-18	United States	0.7875231	0.8029891	0.77227885
2022-09-19	United States	0.78296924	0.79896945	0.76788884
2022-09-20	United States	0.7790984	0.795747	0.7632854
2022-09-21	United States	0.7756894	0.79203427	0.7586736
2022-09-22	United States	0.7725203	0.788601	0.75326145
2022-09-23	United States	0.7691335	0.7853852	0.7477028
2022-09-24	United States	0.7664682	0.783095	0.742953
2022-09-25	United States	0.76311433	0.78099394	0.7385371
2022-09-26	United States	0.7610204	0.77896494	0.7344235
2022-09-27	United States	0.7580647	0.7765954	0.73056066
2022-09-28	United States	0.7551358	0.7752111	0.72600573
2022-09-29	United States	0.75281847	0.77348864	0.72027665
2022-09-30	United States	0.75083554	0.7719223	0.7168622
2022-10-01	United States	0.7484487	0.77037674	0.71373034
2022-10-02	United States	0.7463318	0.7696705	0.7093335
2022-10-03	United States	0.74394596	0.76946527	0.70484096
2022-10-04	United States	0.7419877	0.76859194	0.6995509
2022-10-05	United States	0.7404171	0.76877147	0.6946096
2022-10-06	United States	0.73795325	0.76997083	0.68940234
2022-10-07	United States	0.7365106	0.77305615	0.6840585
2022-10-08	United States	0.733531	0.7750258	0.67888284
2022-10-09	United States	1.0	1.0	1.0
2022-10-10	United States	1.0	1.0	1.0
2022-10-11	United States	1.0	1.0	1.0
2022-10-12	United States	1.0	1.0	1.0
2022-10-13	United States	1.0	1.0	1.0
2022-10-14	United States	1.0	1.0	1.0
2022-10-15	United States	1.0	1.0	1.0
2022-10-16	United States	1.0	1.0	1.0
2022-10-17	United States	1.0	1.0	1.0
2022-10-18	United States	1.0	1.0	1.0
2022-10-19	United States	1.0	1.0	1.0
2022-10-20	United States	1.0	1.0	1.0
2022-10-21	United States	1.0	1.0	1.0
2022-10-22	United States	1.0	1.0	1.0
2022-10-23	United States	1.0	1.0	1.0
2022-10-24	United States	1.0	1.0	1.0
2022-10-25	United States	1.0	1.0	1.0
2022-10-26	United States	1.0	1.0	1.0
2022-10-27	United States	1.0	1.0	1.0
2022-10-28	United States	1.0	1.0	1.0
2022-10-29	United States	1.0	1.0	1.0
2022-10-30	United States	1.0	1.0	1.0
2022-05-02	World	8.918783	19.077785	3.6737542
2022-05-03	World	8.172677	16.752657	3.5363038
2022-05-04	World	7.503722	14.7750225	3.407745
2022-05-05	World	6.9319754	13.07772	3.2874153
2022-05-06	World	6.4216394	11.518271	3.1747098
2022-05-07	World	5.9468136	10.178028	3.0704422
2022-05-08	World	5.5157585	9.037625	2.9830656
2022-05-09	World	5.106864	8.100909	2.909423
2022-05-10	World	4.7556095	7.3560314	2.8393874
2022-05-11	World	4.446898	6.6799965	2.7723334
2022-05-12	World	4.1824493	6.0889153	2.7081146
2022-05-13	World	3.9319367	5.5462503	2.647302
2022-05-14	World	3.7116704	5.065652	2.5901942
2022-05-15	World	3.4940825	4.657876	2.5352342
2022-05-16	World	3.298653	4.2948203	2.4823334
2022-05-17	World	3.1347327	3.9718063	2.4314075
2022-05-18	World	2.9969075	3.7100308	2.3797138
2022-05-19	World	2.8647668	3.4644332	2.32586
2022-05-20	World	2.734358	3.248152	2.2593658
2022-05-21	World	2.614354	3.0250642	2.1930866
2022-05-22	World	2.5097647	2.865603	2.1429663
2022-05-23	World	2.409968	2.7067544	2.1028574
2022-05-24	World	2.3270392	2.5701804	2.0631437
2022-05-25	World	2.2478693	2.4422896	2.0205193
2022-05-26	World	2.174975	2.3331654	1.9842741
2022-05-27	World	2.0985532	2.2419448	1.9401058
2022-05-28	World	2.029605	2.157662	1.9014747
2022-05-29	World	1.9669678	2.0786767	1.8642137
2022-05-30	World	1.9116726	2.009261	1.8278296
2022-05-31	World	1.8620178	1.9569389	1.7845818
2022-06-01	World	1.8181939	1.8985524	1.7459073
2022-06-02	World	1.7781799	1.853304	1.7051643
2022-06-03	World	1.7385061	1.8204461	1.6683141
2022-06-04	World	1.7042167	1.7813348	1.6354928
2022-06-05	World	1.6730003	1.750968	1.6058142
2022-06-06	World	1.64659	1.7203864	1.5757494
2022-06-07	World	1.6198412	1.69278	1.5464865
2022-06-08	World	1.5955715	1.6718881	1.5194062
2022-06-09	World	1.5752302	1.6499565	1.4986303
2022-06-10	World	1.5548382	1.6262254	1.4787717
2022-06-11	World	1.5360221	1.6069756	1.4617866
2022-06-12	World	1.5183091	1.5901458	1.4468114
2022-06-13	World	1.504641	1.5714155	1.4329779
2022-06-14	World	1.4886487	1.5550117	1.4233141
2022-06-15	World	1.4766161	1.539721	1.413498
2022-06-16	World	1.465664	1.5253509	1.4053438
2022-06-17	World	1.454133	1.5140222	1.3976738
2022-06-18	World	1.4441168	1.502459	1.3887308
2022-06-19	World	1.435037	1.4923484	1.3816457
2022-06-20	World	1.4285338	1.4798917	1.3759968
2022-06-21	World	1.4212484	1.4690678	1.3727396
2022-06-22	World	1.4140813	1.4616235	1.3671921
2022-06-23	World	1.4103376	1.4521613	1.366635
2022-06-24	World	1.4060142	1.4434532	1.3623981
2022-06-25	World	1.4022539	1.4397955	1.3600086
2022-06-26	World	1.3983941	1.4369683	1.3594824
2022-06-27	World	1.3945577	1.4336566	1.3566716
2022-06-28	World	1.3902652	1.4320455	1.3540471
2022-06-29	World	1.3867567	1.4281822	1.3483136
2022-06-30	World	1.3827602	1.4236363	1.3448247
2022-07-01	World	1.3794966	1.4193213	1.3417693
2022-07-02	World	1.3751373	1.4176967	1.339185
2022-07-03	World	1.3717307	1.4147658	1.3348017
2022-07-04	World	1.3671541	1.4110706	1.3288708
2022-07-05	World	1.3624859	1.4101533	1.3260349
2022-07-06	World	1.3576953	1.4082506	1.3218431
2022-07-07	World	1.3540826	1.4043838	1.3172799
2022-07-08	World	1.3503448	1.4011711	1.311474
2022-07-09	World	1.3458035	1.3983737	1.3063967
2022-07-10	World	1.3415005	1.392694	1.300474
2022-07-11	World	1.3362768	1.3865005	1.2948914
2022-07-12	World	1.3319061	1.3813022	1.2916527
2022-07-13	World	1.3260167	1.3753685	1.2868713
2022-07-14	World	1.319408	1.3650639	1.2795178
2022-07-15	World	1.3132656	1.3568426	1.2736005
2022-07-16	World	1.3067651	1.3488169	1.2689995
2022-07-17	World	1.3001169	1.3398939	1.2628655
2022-07-18	World	1.2933159	1.330112	1.2562329
2022-07-19	World	1.2856784	1.3181967	1.2493662
2022-07-20	World	1.2784188	1.3078389	1.2423667
2022-07-21	World	1.2699842	1.2972375	1.2349067
2022-07-22	World	1.2597975	1.2861148	1.2264823
2022-07-23	World	1.2505705	1.2765869	1.2170416
2022-07-24	World	1.2397687	1.2683332	1.2072072
2022-07-25	World	1.2283006	1.259154	1.1977348
2022-07-26	World	1.2171519	1.2496761	1.1863942
2022-07-27	World	1.2050533	1.2379023	1.1764579
2022-07-28	World	1.193476	1.2268951	1.1669946
2022-07-29	World	1.1824753	1.2145404	1.1550294
2022-07-30	World	1.1714822	1.2038938	1.1424029
2022-07-31	World	1.1607077	1.1906133	1.1288296
2022-08-01	World	1.1487308	1.1778938	1.1154537
2022-08-02	World	1.1376104	1.166506	1.1010523
2022-08-03	World	1.1251302	1.1534972	1.0868264
2022-08-04	World	1.1118332	1.1403028	1.0723957
2022-08-05	World	1.0988321	1.1264383	1.0570865
2022-08-06	World	1.0856826	1.1134065	1.0420715
2022-08-07	World	1.0714698	1.0995075	1.0265176
2022-08-08	World	1.0565655	1.0864428	1.0127319
2022-08-09	World	1.0406699	1.0723181	0.99840647
2022-08-10	World	1.0249753	1.0567827	0.98400134
2022-08-11	World	1.0091928	1.0409335	0.9704172
2022-08-12	World	0.9932648	1.0264213	0.9553138
2022-08-13	World	0.97729194	1.0097126	0.9402729
2022-08-14	World	0.9615891	0.9926052	0.9252277
2022-08-15	World	0.94490373	0.9772454	0.9101889
2022-08-16	World	0.92769694	0.95999515	0.89612186
2022-08-17	World	0.91190565	0.943112	0.8819642
2022-08-18	World	0.8953777	0.9246922	0.86763424
2022-08-19	World	0.8777045	0.90543574	0.85301024
2022-08-20	World	0.86200124	0.8865137	0.83742845
2022-08-21	World	0.8451314	0.86790484	0.8219618
2022-08-22	World	0.8274828	0.8500066	0.80603623
2022-08-23	World	0.8103232	0.8323237	0.7894149
2022-08-24	World	0.7936505	0.8146283	0.77357924
2022-08-25	World	0.77632827	0.7981378	0.7559355
2022-08-26	World	0.7587998	0.7819234	0.7379784
2022-08-27	World	0.742291	0.7666022	0.72023946
2022-08-28	World	0.7250712	0.7515613	0.70099974
2022-08-29	World	0.70826876	0.73629254	0.6819448
2022-08-30	World	0.6923542	0.72452146	0.66080076
2022-08-31	World	0.6764364	0.7111163	0.64079463
2022-09-01	World	0.65926373	0.69759613	0.619759
2022-09-02	World	0.6410723	0.6834925	0.5981478
2022-09-03	World	0.6248611	0.67112255	0.5783112
2022-09-04	World	0.6084524	0.658404	0.556732
2022-09-05	World	0.5917046	0.6466909	0.5369208
2022-09-06	World	0.57515955	0.634891	0.51592696
2022-09-07	World	1.0	1.0	1.0
2022-09-08	World	1.0	1.0	1.0
2022-09-09	World	1.0	1.0	1.0
2022-09-10	World	1.0	1.0	1.0
2022-09-11	World	1.0	1.0	1.0
2022-09-12	World	1.0	1.0	1.0
2022-09-13	World	1.0	1.0	1.0
2022-09-14	World	1.0	1.0	1.0
2022-09-15	World	1.0	1.0	1.0
2022-09-16	World	1.0	1.0	1.0
2022-09-17	World	1.0	1.0	1.0
2022-09-18	World	1.0	1.0	1.0
2022-09-19	World	1.0	1.0	1.0
2022-09-20	World	1.0	1.0	1.0
2022-09-21	World	1.0	1.0	1.0
2022-09-22	World	1.0	1.0	1.0
2022-09-23	World	1.0	1.0	1.0
2022-09-24	World	1.0	1.0	1.0
2022-09-25	World	1.0	1.0	1.0
2022-09-26	World	1.0	1.0	1.0
2022-09-27	World	1.0	1.0	1.0
2022-09-28	World	1.0	1.0	1.0
2022-09-29	World	1.0	1.0	1.0
2022-09-30	World	1.0	1.0	1.0
2022-10-01	World	1.0	1.0	1.0
2022-10-02	World	1.0	1.0	1.0
2022-10-03	World	1.0	1.0	1.0
2022-10-04	World	1.0	1.0	1.0
2022-10-05	World	1.0	1.0	1.0
2022-10-06	World	1.0	1.0	1.0
2022-10-07	World	1.0	1.0	1.0
2022-10-08	World	1.0	1.0	1.0
2022-10-09	World	1.0	1.0	1.0
2022-10-10	World	1.0	1.0	1.0
2022-10-11	World	1.0	1.0	1.0
2022-10-12	World	1.0	1.0	1.0
2022-10-13	World	1.0	1.0	1.0
2022-10-14	World	1.0	1.0	1.0
2022-10-15	World	1.0	1.0	1.0
2022-10-16	World	1.0	1.0	1.0
2022-10-17	World	1.0	1.0	1.0
2022-10-18	World	1.0	1.0	1.0
2022-10-19	World	1.0	1.0	1.0
2022-10-20	World	1.0	1.0	1.0
2022-10-21	World	1.0	1.0	1.0
2022-10-22	World	1.0	1.0	1.0
2022-10-23	World	1.0	1.0	1.0
2022-10-24	World	1.0	1.0	1.0
2022-10-25	World	1.0	1.0	1.0
2022-10-26	World	1.0	1.0	1.0
2022-10-27	World	1.0	1.0	1.0
2022-10-28	World	1.0	1.0	1.0
2022-10-29	World	1.0	1.0	1.0
2022-10-30	World	1.0	1.0	1.0
